Sample ID,Gene ID,Expression Level,Condition
BHN1HRQWBL,MEPQFQ9Z,91.83,Cancer_Type_A
RO907Y9BQY,MEPQFQ9Z,85.36,Cancer_Type_A
TYTH27KO5M,MEPQFQ9Z,15.98,Cancer_Type_B
0LIP0B6TUM,MEPQFQ9Z,79.16,Cancer_Type_B
1RE2OFGVP7,MEPQFQ9Z,87.53,Cancer_Type_B
HCAKG62FYG,MEPQFQ9Z,6.67,Healthy
UL7PM3297X,MEPQFQ9Z,78.08,Cancer_Type_B
QLD7O76TZY,MEPQFQ9Z,50.84,Cancer_Type_B
PM2XJV62LW,MEPQFQ9Z,70.38,Cancer_Type_B
OHUU32DP69,MEPQFQ9Z,52.91,Cancer_Type_B
QX0OIMDST3,MEPQFQ9Z,62.71,Cancer_Type_A
ZAKDLE5ABH,MEPQFQ9Z,92.34,Healthy
HDE7IFQ0MU,MEPQFQ9Z,28.83,Cancer_Type_A
U9U4SRA08T,MEPQFQ9Z,51.05,Cancer_Type_A
T5SP5FGT9T,MEPQFQ9Z,23.23,Healthy
0KIZ2Y2OOH,MEPQFQ9Z,31.54,Cancer_Type_B
SIXYEZ2PQ6,MEPQFQ9Z,46.41,Cancer_Type_A
CAKUMNLFP8,MEPQFQ9Z,89.88,Cancer_Type_B
N1VY7Q7WIE,MEPQFQ9Z,31.37,Cancer_Type_B
5H1BHSXJ83,MEPQFQ9Z,8.12,Healthy
FXOM4HT1J0,MEPQFQ9Z,75.56,Cancer_Type_B
8Q1UXUP5F8,MEPQFQ9Z,1.1,Healthy
HCIQK8DXB9,MEPQFQ9Z,71.04,Cancer_Type_B
FSZ0AGN2LM,MEPQFQ9Z,16.43,Cancer_Type_B
MJQTV4AF67,MEPQFQ9Z,48.9,Cancer_Type_B
2DAGJN2YV6,MEPQFQ9Z,26.88,Healthy
TLJJKI6XLB,MEPQFQ9Z,68.14,Healthy
VME7TTSBS5,MEPQFQ9Z,93.97,Cancer_Type_B
NKSG8UZMRZ,MEPQFQ9Z,12.46,Cancer_Type_B
YDONMZDPJ8,MEPQFQ9Z,89.98,Cancer_Type_B
A83P22ZY5W,MEPQFQ9Z,80.28,Cancer_Type_B
WO5UJTB0ZV,MEPQFQ9Z,19.73,Cancer_Type_B
4K15PWFKWT,MEPQFQ9Z,68.5,Cancer_Type_A
4PQ9XXJIPJ,MEPQFQ9Z,66.59,Cancer_Type_A
LCXY3LMGQ0,MEPQFQ9Z,92.31,Healthy
U4RKKHLIDI,MEPQFQ9Z,8.41,Cancer_Type_B
O3I3IYGNEO,MEPQFQ9Z,26.35,Healthy
0NTOUPY4IB,MEPQFQ9Z,74.35,Healthy
YTXQ1ZA5HN,MEPQFQ9Z,54.71,Cancer_Type_B
P3RBX90BOC,MEPQFQ9Z,88.12,Cancer_Type_A
MF9SBA2J43,MEPQFQ9Z,26.67,Cancer_Type_A
CP0HGW9YR7,MEPQFQ9Z,74.67,Healthy
QM6W6NSCRU,MEPQFQ9Z,79.16,Cancer_Type_B
IY8P1BW203,MEPQFQ9Z,80.56,Healthy
UM037R1VII,MEPQFQ9Z,3.79,Healthy
UOB80872FP,MEPQFQ9Z,96.27,Cancer_Type_B
ADOTM0EIE1,MEPQFQ9Z,61.43,Cancer_Type_A
PJ2Q3HJ5KR,MEPQFQ9Z,75.98,Cancer_Type_B
S2YR0YSB13,MEPQFQ9Z,44.62,Healthy
9E6AQKE0BQ,MEPQFQ9Z,88.53,Healthy
BHN1HRQWBL,A0EACQ85,82.48,Cancer_Type_A
RO907Y9BQY,A0EACQ85,57.08,Cancer_Type_A
TYTH27KO5M,A0EACQ85,79.31,Cancer_Type_B
0LIP0B6TUM,A0EACQ85,19.75,Cancer_Type_B
1RE2OFGVP7,A0EACQ85,35.1,Cancer_Type_B
HCAKG62FYG,A0EACQ85,60.76,Healthy
UL7PM3297X,A0EACQ85,18.18,Cancer_Type_B
QLD7O76TZY,A0EACQ85,88.27,Cancer_Type_B
PM2XJV62LW,A0EACQ85,84.8,Cancer_Type_B
OHUU32DP69,A0EACQ85,90.26,Cancer_Type_B
QX0OIMDST3,A0EACQ85,73.82,Cancer_Type_A
ZAKDLE5ABH,A0EACQ85,91.0,Healthy
HDE7IFQ0MU,A0EACQ85,55.69,Cancer_Type_A
U9U4SRA08T,A0EACQ85,58.01,Cancer_Type_A
T5SP5FGT9T,A0EACQ85,95.65,Healthy
0KIZ2Y2OOH,A0EACQ85,56.36,Cancer_Type_B
SIXYEZ2PQ6,A0EACQ85,71.6,Cancer_Type_A
CAKUMNLFP8,A0EACQ85,88.4,Cancer_Type_B
N1VY7Q7WIE,A0EACQ85,99.87,Cancer_Type_B
5H1BHSXJ83,A0EACQ85,28.44,Healthy
FXOM4HT1J0,A0EACQ85,20.93,Cancer_Type_B
8Q1UXUP5F8,A0EACQ85,34.91,Healthy
HCIQK8DXB9,A0EACQ85,68.62,Cancer_Type_B
FSZ0AGN2LM,A0EACQ85,44.74,Cancer_Type_B
MJQTV4AF67,A0EACQ85,0.14,Cancer_Type_B
2DAGJN2YV6,A0EACQ85,8.96,Healthy
TLJJKI6XLB,A0EACQ85,24.43,Healthy
VME7TTSBS5,A0EACQ85,18.18,Cancer_Type_B
NKSG8UZMRZ,A0EACQ85,87.66,Cancer_Type_B
YDONMZDPJ8,A0EACQ85,49.13,Cancer_Type_B
A83P22ZY5W,A0EACQ85,48.07,Cancer_Type_B
WO5UJTB0ZV,A0EACQ85,75.11,Cancer_Type_B
4K15PWFKWT,A0EACQ85,72.45,Cancer_Type_A
4PQ9XXJIPJ,A0EACQ85,35.61,Cancer_Type_A
LCXY3LMGQ0,A0EACQ85,72.2,Healthy
U4RKKHLIDI,A0EACQ85,74.91,Cancer_Type_B
O3I3IYGNEO,A0EACQ85,23.61,Healthy
0NTOUPY4IB,A0EACQ85,14.39,Healthy
YTXQ1ZA5HN,A0EACQ85,93.76,Cancer_Type_B
P3RBX90BOC,A0EACQ85,2.57,Cancer_Type_A
MF9SBA2J43,A0EACQ85,44.28,Cancer_Type_A
CP0HGW9YR7,A0EACQ85,69.88,Healthy
QM6W6NSCRU,A0EACQ85,72.61,Cancer_Type_B
IY8P1BW203,A0EACQ85,33.91,Healthy
UM037R1VII,A0EACQ85,50.3,Healthy
UOB80872FP,A0EACQ85,72.33,Cancer_Type_B
ADOTM0EIE1,A0EACQ85,49.56,Cancer_Type_A
PJ2Q3HJ5KR,A0EACQ85,57.22,Cancer_Type_B
S2YR0YSB13,A0EACQ85,29.19,Healthy
9E6AQKE0BQ,A0EACQ85,73.46,Healthy
BHN1HRQWBL,HZA08PZ7,61.26,Cancer_Type_A
RO907Y9BQY,HZA08PZ7,20.18,Cancer_Type_A
TYTH27KO5M,HZA08PZ7,65.13,Cancer_Type_B
0LIP0B6TUM,HZA08PZ7,94.49,Cancer_Type_B
1RE2OFGVP7,HZA08PZ7,76.84,Cancer_Type_B
HCAKG62FYG,HZA08PZ7,71.21,Healthy
UL7PM3297X,HZA08PZ7,66.65,Cancer_Type_B
QLD7O76TZY,HZA08PZ7,29.87,Cancer_Type_B
PM2XJV62LW,HZA08PZ7,44.77,Cancer_Type_B
OHUU32DP69,HZA08PZ7,87.51,Cancer_Type_B
QX0OIMDST3,HZA08PZ7,73.87,Cancer_Type_A
ZAKDLE5ABH,HZA08PZ7,51.11,Healthy
HDE7IFQ0MU,HZA08PZ7,11.72,Cancer_Type_A
U9U4SRA08T,HZA08PZ7,17.8,Cancer_Type_A
T5SP5FGT9T,HZA08PZ7,43.3,Healthy
0KIZ2Y2OOH,HZA08PZ7,53.76,Cancer_Type_B
SIXYEZ2PQ6,HZA08PZ7,49.61,Cancer_Type_A
CAKUMNLFP8,HZA08PZ7,97.39,Cancer_Type_B
N1VY7Q7WIE,HZA08PZ7,69.26,Cancer_Type_B
5H1BHSXJ83,HZA08PZ7,90.23,Healthy
FXOM4HT1J0,HZA08PZ7,18.05,Cancer_Type_B
8Q1UXUP5F8,HZA08PZ7,40.5,Healthy
HCIQK8DXB9,HZA08PZ7,94.6,Cancer_Type_B
FSZ0AGN2LM,HZA08PZ7,20.6,Cancer_Type_B
MJQTV4AF67,HZA08PZ7,44.52,Cancer_Type_B
2DAGJN2YV6,HZA08PZ7,4.82,Healthy
TLJJKI6XLB,HZA08PZ7,54.26,Healthy
VME7TTSBS5,HZA08PZ7,0.57,Cancer_Type_B
NKSG8UZMRZ,HZA08PZ7,45.84,Cancer_Type_B
YDONMZDPJ8,HZA08PZ7,43.77,Cancer_Type_B
A83P22ZY5W,HZA08PZ7,91.68,Cancer_Type_B
WO5UJTB0ZV,HZA08PZ7,86.68,Cancer_Type_B
4K15PWFKWT,HZA08PZ7,74.38,Cancer_Type_A
4PQ9XXJIPJ,HZA08PZ7,63.56,Cancer_Type_A
LCXY3LMGQ0,HZA08PZ7,93.54,Healthy
U4RKKHLIDI,HZA08PZ7,98.61,Cancer_Type_B
O3I3IYGNEO,HZA08PZ7,60.57,Healthy
0NTOUPY4IB,HZA08PZ7,85.96,Healthy
YTXQ1ZA5HN,HZA08PZ7,35.8,Cancer_Type_B
P3RBX90BOC,HZA08PZ7,85.34,Cancer_Type_A
MF9SBA2J43,HZA08PZ7,27.72,Cancer_Type_A
CP0HGW9YR7,HZA08PZ7,14.94,Healthy
QM6W6NSCRU,HZA08PZ7,28.09,Cancer_Type_B
IY8P1BW203,HZA08PZ7,6.79,Healthy
UM037R1VII,HZA08PZ7,65.76,Healthy
UOB80872FP,HZA08PZ7,50.77,Cancer_Type_B
ADOTM0EIE1,HZA08PZ7,64.25,Cancer_Type_A
PJ2Q3HJ5KR,HZA08PZ7,12.01,Cancer_Type_B
S2YR0YSB13,HZA08PZ7,74.35,Healthy
9E6AQKE0BQ,HZA08PZ7,13.51,Healthy
BHN1HRQWBL,3IBMS02U,96.09,Cancer_Type_A
RO907Y9BQY,3IBMS02U,71.73,Cancer_Type_A
TYTH27KO5M,3IBMS02U,56.39,Cancer_Type_B
0LIP0B6TUM,3IBMS02U,31.58,Cancer_Type_B
1RE2OFGVP7,3IBMS02U,66.19,Cancer_Type_B
HCAKG62FYG,3IBMS02U,98.26,Healthy
UL7PM3297X,3IBMS02U,21.76,Cancer_Type_B
QLD7O76TZY,3IBMS02U,5.31,Cancer_Type_B
PM2XJV62LW,3IBMS02U,84.06,Cancer_Type_B
OHUU32DP69,3IBMS02U,77.99,Cancer_Type_B
QX0OIMDST3,3IBMS02U,87.29,Cancer_Type_A
ZAKDLE5ABH,3IBMS02U,64.31,Healthy
HDE7IFQ0MU,3IBMS02U,56.16,Cancer_Type_A
U9U4SRA08T,3IBMS02U,67.48,Cancer_Type_A
T5SP5FGT9T,3IBMS02U,53.76,Healthy
0KIZ2Y2OOH,3IBMS02U,5.25,Cancer_Type_B
SIXYEZ2PQ6,3IBMS02U,47.98,Cancer_Type_A
CAKUMNLFP8,3IBMS02U,71.54,Cancer_Type_B
N1VY7Q7WIE,3IBMS02U,18.96,Cancer_Type_B
5H1BHSXJ83,3IBMS02U,74.41,Healthy
FXOM4HT1J0,3IBMS02U,56.89,Cancer_Type_B
8Q1UXUP5F8,3IBMS02U,86.95,Healthy
HCIQK8DXB9,3IBMS02U,43.58,Cancer_Type_B
FSZ0AGN2LM,3IBMS02U,43.96,Cancer_Type_B
MJQTV4AF67,3IBMS02U,42.18,Cancer_Type_B
2DAGJN2YV6,3IBMS02U,22.35,Healthy
TLJJKI6XLB,3IBMS02U,79.69,Healthy
VME7TTSBS5,3IBMS02U,62.75,Cancer_Type_B
NKSG8UZMRZ,3IBMS02U,31.76,Cancer_Type_B
YDONMZDPJ8,3IBMS02U,91.61,Cancer_Type_B
A83P22ZY5W,3IBMS02U,64.57,Cancer_Type_B
WO5UJTB0ZV,3IBMS02U,70.17,Cancer_Type_B
4K15PWFKWT,3IBMS02U,38.23,Cancer_Type_A
4PQ9XXJIPJ,3IBMS02U,46.37,Cancer_Type_A
LCXY3LMGQ0,3IBMS02U,95.71,Healthy
U4RKKHLIDI,3IBMS02U,82.83,Cancer_Type_B
O3I3IYGNEO,3IBMS02U,17.47,Healthy
0NTOUPY4IB,3IBMS02U,7.91,Healthy
YTXQ1ZA5HN,3IBMS02U,78.94,Cancer_Type_B
P3RBX90BOC,3IBMS02U,95.28,Cancer_Type_A
MF9SBA2J43,3IBMS02U,64.3,Cancer_Type_A
CP0HGW9YR7,3IBMS02U,98.16,Healthy
QM6W6NSCRU,3IBMS02U,89.48,Cancer_Type_B
IY8P1BW203,3IBMS02U,83.73,Healthy
UM037R1VII,3IBMS02U,94.68,Healthy
UOB80872FP,3IBMS02U,1.05,Cancer_Type_B
ADOTM0EIE1,3IBMS02U,43.09,Cancer_Type_A
PJ2Q3HJ5KR,3IBMS02U,13.24,Cancer_Type_B
S2YR0YSB13,3IBMS02U,18.54,Healthy
9E6AQKE0BQ,3IBMS02U,48.29,Healthy
BHN1HRQWBL,WGTF1420,26.28,Cancer_Type_A
RO907Y9BQY,WGTF1420,3.53,Cancer_Type_A
TYTH27KO5M,WGTF1420,96.27,Cancer_Type_B
0LIP0B6TUM,WGTF1420,74.65,Cancer_Type_B
1RE2OFGVP7,WGTF1420,87.23,Cancer_Type_B
HCAKG62FYG,WGTF1420,77.84,Healthy
UL7PM3297X,WGTF1420,2.93,Cancer_Type_B
QLD7O76TZY,WGTF1420,76.71,Cancer_Type_B
PM2XJV62LW,WGTF1420,28.69,Cancer_Type_B
OHUU32DP69,WGTF1420,75.81,Cancer_Type_B
QX0OIMDST3,WGTF1420,47.44,Cancer_Type_A
ZAKDLE5ABH,WGTF1420,11.94,Healthy
HDE7IFQ0MU,WGTF1420,27.29,Cancer_Type_A
U9U4SRA08T,WGTF1420,37.72,Cancer_Type_A
T5SP5FGT9T,WGTF1420,63.45,Healthy
0KIZ2Y2OOH,WGTF1420,77.77,Cancer_Type_B
SIXYEZ2PQ6,WGTF1420,13.35,Cancer_Type_A
CAKUMNLFP8,WGTF1420,86.78,Cancer_Type_B
N1VY7Q7WIE,WGTF1420,11.02,Cancer_Type_B
5H1BHSXJ83,WGTF1420,89.27,Healthy
FXOM4HT1J0,WGTF1420,74.46,Cancer_Type_B
8Q1UXUP5F8,WGTF1420,63.82,Healthy
HCIQK8DXB9,WGTF1420,69.96,Cancer_Type_B
FSZ0AGN2LM,WGTF1420,91.99,Cancer_Type_B
MJQTV4AF67,WGTF1420,65.11,Cancer_Type_B
2DAGJN2YV6,WGTF1420,88.74,Healthy
TLJJKI6XLB,WGTF1420,36.28,Healthy
VME7TTSBS5,WGTF1420,14.5,Cancer_Type_B
NKSG8UZMRZ,WGTF1420,69.01,Cancer_Type_B
YDONMZDPJ8,WGTF1420,76.41,Cancer_Type_B
A83P22ZY5W,WGTF1420,76.64,Cancer_Type_B
WO5UJTB0ZV,WGTF1420,80.78,Cancer_Type_B
4K15PWFKWT,WGTF1420,19.2,Cancer_Type_A
4PQ9XXJIPJ,WGTF1420,30.62,Cancer_Type_A
LCXY3LMGQ0,WGTF1420,77.01,Healthy
U4RKKHLIDI,WGTF1420,71.38,Cancer_Type_B
O3I3IYGNEO,WGTF1420,75.93,Healthy
0NTOUPY4IB,WGTF1420,70.49,Healthy
YTXQ1ZA5HN,WGTF1420,63.05,Cancer_Type_B
P3RBX90BOC,WGTF1420,36.57,Cancer_Type_A
MF9SBA2J43,WGTF1420,35.34,Cancer_Type_A
CP0HGW9YR7,WGTF1420,73.18,Healthy
QM6W6NSCRU,WGTF1420,26.25,Cancer_Type_B
IY8P1BW203,WGTF1420,14.73,Healthy
UM037R1VII,WGTF1420,54.02,Healthy
UOB80872FP,WGTF1420,19.78,Cancer_Type_B
ADOTM0EIE1,WGTF1420,34.61,Cancer_Type_A
PJ2Q3HJ5KR,WGTF1420,38.58,Cancer_Type_B
S2YR0YSB13,WGTF1420,68.36,Healthy
9E6AQKE0BQ,WGTF1420,54.0,Healthy
BHN1HRQWBL,LDIXA9A1,82.55,Cancer_Type_A
RO907Y9BQY,LDIXA9A1,54.58,Cancer_Type_A
TYTH27KO5M,LDIXA9A1,81.46,Cancer_Type_B
0LIP0B6TUM,LDIXA9A1,74.51,Cancer_Type_B
1RE2OFGVP7,LDIXA9A1,4.44,Cancer_Type_B
HCAKG62FYG,LDIXA9A1,14.7,Healthy
UL7PM3297X,LDIXA9A1,54.3,Cancer_Type_B
QLD7O76TZY,LDIXA9A1,27.78,Cancer_Type_B
PM2XJV62LW,LDIXA9A1,17.87,Cancer_Type_B
OHUU32DP69,LDIXA9A1,11.37,Cancer_Type_B
QX0OIMDST3,LDIXA9A1,40.69,Cancer_Type_A
ZAKDLE5ABH,LDIXA9A1,11.47,Healthy
HDE7IFQ0MU,LDIXA9A1,13.59,Cancer_Type_A
U9U4SRA08T,LDIXA9A1,76.12,Cancer_Type_A
T5SP5FGT9T,LDIXA9A1,44.12,Healthy
0KIZ2Y2OOH,LDIXA9A1,20.89,Cancer_Type_B
SIXYEZ2PQ6,LDIXA9A1,5.68,Cancer_Type_A
CAKUMNLFP8,LDIXA9A1,47.48,Cancer_Type_B
N1VY7Q7WIE,LDIXA9A1,2.26,Cancer_Type_B
5H1BHSXJ83,LDIXA9A1,86.17,Healthy
FXOM4HT1J0,LDIXA9A1,14.86,Cancer_Type_B
8Q1UXUP5F8,LDIXA9A1,54.64,Healthy
HCIQK8DXB9,LDIXA9A1,23.16,Cancer_Type_B
FSZ0AGN2LM,LDIXA9A1,43.28,Cancer_Type_B
MJQTV4AF67,LDIXA9A1,43.64,Cancer_Type_B
2DAGJN2YV6,LDIXA9A1,37.49,Healthy
TLJJKI6XLB,LDIXA9A1,56.03,Healthy
VME7TTSBS5,LDIXA9A1,35.61,Cancer_Type_B
NKSG8UZMRZ,LDIXA9A1,32.99,Cancer_Type_B
YDONMZDPJ8,LDIXA9A1,35.58,Cancer_Type_B
A83P22ZY5W,LDIXA9A1,53.32,Cancer_Type_B
WO5UJTB0ZV,LDIXA9A1,53.2,Cancer_Type_B
4K15PWFKWT,LDIXA9A1,83.06,Cancer_Type_A
4PQ9XXJIPJ,LDIXA9A1,40.08,Cancer_Type_A
LCXY3LMGQ0,LDIXA9A1,44.86,Healthy
U4RKKHLIDI,LDIXA9A1,1.06,Cancer_Type_B
O3I3IYGNEO,LDIXA9A1,72.7,Healthy
0NTOUPY4IB,LDIXA9A1,25.87,Healthy
YTXQ1ZA5HN,LDIXA9A1,28.0,Cancer_Type_B
P3RBX90BOC,LDIXA9A1,43.61,Cancer_Type_A
MF9SBA2J43,LDIXA9A1,59.54,Cancer_Type_A
CP0HGW9YR7,LDIXA9A1,35.83,Healthy
QM6W6NSCRU,LDIXA9A1,23.49,Cancer_Type_B
IY8P1BW203,LDIXA9A1,15.86,Healthy
UM037R1VII,LDIXA9A1,14.05,Healthy
UOB80872FP,LDIXA9A1,14.63,Cancer_Type_B
ADOTM0EIE1,LDIXA9A1,41.12,Cancer_Type_A
PJ2Q3HJ5KR,LDIXA9A1,86.59,Cancer_Type_B
S2YR0YSB13,LDIXA9A1,82.5,Healthy
9E6AQKE0BQ,LDIXA9A1,41.86,Healthy
BHN1HRQWBL,KFJINQJD,55.59,Cancer_Type_A
RO907Y9BQY,KFJINQJD,59.49,Cancer_Type_A
TYTH27KO5M,KFJINQJD,85.42,Cancer_Type_B
0LIP0B6TUM,KFJINQJD,27.27,Cancer_Type_B
1RE2OFGVP7,KFJINQJD,85.22,Cancer_Type_B
HCAKG62FYG,KFJINQJD,0.63,Healthy
UL7PM3297X,KFJINQJD,63.72,Cancer_Type_B
QLD7O76TZY,KFJINQJD,3.57,Cancer_Type_B
PM2XJV62LW,KFJINQJD,11.12,Cancer_Type_B
OHUU32DP69,KFJINQJD,42.95,Cancer_Type_B
QX0OIMDST3,KFJINQJD,50.64,Cancer_Type_A
ZAKDLE5ABH,KFJINQJD,76.94,Healthy
HDE7IFQ0MU,KFJINQJD,51.81,Cancer_Type_A
U9U4SRA08T,KFJINQJD,62.12,Cancer_Type_A
T5SP5FGT9T,KFJINQJD,34.28,Healthy
0KIZ2Y2OOH,KFJINQJD,59.21,Cancer_Type_B
SIXYEZ2PQ6,KFJINQJD,78.12,Cancer_Type_A
CAKUMNLFP8,KFJINQJD,96.9,Cancer_Type_B
N1VY7Q7WIE,KFJINQJD,60.47,Cancer_Type_B
5H1BHSXJ83,KFJINQJD,82.62,Healthy
FXOM4HT1J0,KFJINQJD,67.42,Cancer_Type_B
8Q1UXUP5F8,KFJINQJD,89.54,Healthy
HCIQK8DXB9,KFJINQJD,77.64,Cancer_Type_B
FSZ0AGN2LM,KFJINQJD,78.82,Cancer_Type_B
MJQTV4AF67,KFJINQJD,78.74,Cancer_Type_B
2DAGJN2YV6,KFJINQJD,61.08,Healthy
TLJJKI6XLB,KFJINQJD,80.82,Healthy
VME7TTSBS5,KFJINQJD,69.85,Cancer_Type_B
NKSG8UZMRZ,KFJINQJD,77.25,Cancer_Type_B
YDONMZDPJ8,KFJINQJD,42.76,Cancer_Type_B
A83P22ZY5W,KFJINQJD,5.91,Cancer_Type_B
WO5UJTB0ZV,KFJINQJD,79.1,Cancer_Type_B
4K15PWFKWT,KFJINQJD,10.56,Cancer_Type_A
4PQ9XXJIPJ,KFJINQJD,17.23,Cancer_Type_A
LCXY3LMGQ0,KFJINQJD,37.68,Healthy
U4RKKHLIDI,KFJINQJD,77.36,Cancer_Type_B
O3I3IYGNEO,KFJINQJD,97.6,Healthy
0NTOUPY4IB,KFJINQJD,94.21,Healthy
YTXQ1ZA5HN,KFJINQJD,96.12,Cancer_Type_B
P3RBX90BOC,KFJINQJD,32.88,Cancer_Type_A
MF9SBA2J43,KFJINQJD,28.3,Cancer_Type_A
CP0HGW9YR7,KFJINQJD,25.57,Healthy
QM6W6NSCRU,KFJINQJD,46.47,Cancer_Type_B
IY8P1BW203,KFJINQJD,76.65,Healthy
UM037R1VII,KFJINQJD,84.04,Healthy
UOB80872FP,KFJINQJD,47.6,Cancer_Type_B
ADOTM0EIE1,KFJINQJD,47.32,Cancer_Type_A
PJ2Q3HJ5KR,KFJINQJD,19.44,Cancer_Type_B
S2YR0YSB13,KFJINQJD,26.18,Healthy
9E6AQKE0BQ,KFJINQJD,97.27,Healthy
BHN1HRQWBL,6DNSMXW3,51.99,Cancer_Type_A
RO907Y9BQY,6DNSMXW3,1.1,Cancer_Type_A
TYTH27KO5M,6DNSMXW3,92.11,Cancer_Type_B
0LIP0B6TUM,6DNSMXW3,22.59,Cancer_Type_B
1RE2OFGVP7,6DNSMXW3,58.44,Cancer_Type_B
HCAKG62FYG,6DNSMXW3,51.27,Healthy
UL7PM3297X,6DNSMXW3,3.43,Cancer_Type_B
QLD7O76TZY,6DNSMXW3,97.82,Cancer_Type_B
PM2XJV62LW,6DNSMXW3,33.65,Cancer_Type_B
OHUU32DP69,6DNSMXW3,23.44,Cancer_Type_B
QX0OIMDST3,6DNSMXW3,61.41,Cancer_Type_A
ZAKDLE5ABH,6DNSMXW3,54.51,Healthy
HDE7IFQ0MU,6DNSMXW3,33.15,Cancer_Type_A
U9U4SRA08T,6DNSMXW3,28.05,Cancer_Type_A
T5SP5FGT9T,6DNSMXW3,24.45,Healthy
0KIZ2Y2OOH,6DNSMXW3,23.83,Cancer_Type_B
SIXYEZ2PQ6,6DNSMXW3,86.2,Cancer_Type_A
CAKUMNLFP8,6DNSMXW3,87.02,Cancer_Type_B
N1VY7Q7WIE,6DNSMXW3,16.28,Cancer_Type_B
5H1BHSXJ83,6DNSMXW3,38.19,Healthy
FXOM4HT1J0,6DNSMXW3,94.88,Cancer_Type_B
8Q1UXUP5F8,6DNSMXW3,61.05,Healthy
HCIQK8DXB9,6DNSMXW3,16.4,Cancer_Type_B
FSZ0AGN2LM,6DNSMXW3,69.12,Cancer_Type_B
MJQTV4AF67,6DNSMXW3,80.21,Cancer_Type_B
2DAGJN2YV6,6DNSMXW3,54.6,Healthy
TLJJKI6XLB,6DNSMXW3,81.7,Healthy
VME7TTSBS5,6DNSMXW3,88.94,Cancer_Type_B
NKSG8UZMRZ,6DNSMXW3,70.85,Cancer_Type_B
YDONMZDPJ8,6DNSMXW3,18.72,Cancer_Type_B
A83P22ZY5W,6DNSMXW3,52.53,Cancer_Type_B
WO5UJTB0ZV,6DNSMXW3,18.57,Cancer_Type_B
4K15PWFKWT,6DNSMXW3,98.89,Cancer_Type_A
4PQ9XXJIPJ,6DNSMXW3,33.01,Cancer_Type_A
LCXY3LMGQ0,6DNSMXW3,8.51,Healthy
U4RKKHLIDI,6DNSMXW3,81.17,Cancer_Type_B
O3I3IYGNEO,6DNSMXW3,1.15,Healthy
0NTOUPY4IB,6DNSMXW3,97.44,Healthy
YTXQ1ZA5HN,6DNSMXW3,8.63,Cancer_Type_B
P3RBX90BOC,6DNSMXW3,77.99,Cancer_Type_A
MF9SBA2J43,6DNSMXW3,12.1,Cancer_Type_A
CP0HGW9YR7,6DNSMXW3,32.86,Healthy
QM6W6NSCRU,6DNSMXW3,47.0,Cancer_Type_B
IY8P1BW203,6DNSMXW3,67.76,Healthy
UM037R1VII,6DNSMXW3,20.77,Healthy
UOB80872FP,6DNSMXW3,62.64,Cancer_Type_B
ADOTM0EIE1,6DNSMXW3,32.32,Cancer_Type_A
PJ2Q3HJ5KR,6DNSMXW3,2.48,Cancer_Type_B
S2YR0YSB13,6DNSMXW3,68.06,Healthy
9E6AQKE0BQ,6DNSMXW3,75.21,Healthy
BHN1HRQWBL,W87KYXHJ,64.91,Cancer_Type_A
RO907Y9BQY,W87KYXHJ,47.78,Cancer_Type_A
TYTH27KO5M,W87KYXHJ,34.22,Cancer_Type_B
0LIP0B6TUM,W87KYXHJ,64.84,Cancer_Type_B
1RE2OFGVP7,W87KYXHJ,41.42,Cancer_Type_B
HCAKG62FYG,W87KYXHJ,66.15,Healthy
UL7PM3297X,W87KYXHJ,15.19,Cancer_Type_B
QLD7O76TZY,W87KYXHJ,86.51,Cancer_Type_B
PM2XJV62LW,W87KYXHJ,25.18,Cancer_Type_B
OHUU32DP69,W87KYXHJ,56.7,Cancer_Type_B
QX0OIMDST3,W87KYXHJ,47.59,Cancer_Type_A
ZAKDLE5ABH,W87KYXHJ,22.16,Healthy
HDE7IFQ0MU,W87KYXHJ,82.22,Cancer_Type_A
U9U4SRA08T,W87KYXHJ,86.32,Cancer_Type_A
T5SP5FGT9T,W87KYXHJ,50.15,Healthy
0KIZ2Y2OOH,W87KYXHJ,9.86,Cancer_Type_B
SIXYEZ2PQ6,W87KYXHJ,81.1,Cancer_Type_A
CAKUMNLFP8,W87KYXHJ,64.73,Cancer_Type_B
N1VY7Q7WIE,W87KYXHJ,57.48,Cancer_Type_B
5H1BHSXJ83,W87KYXHJ,44.91,Healthy
FXOM4HT1J0,W87KYXHJ,12.38,Cancer_Type_B
8Q1UXUP5F8,W87KYXHJ,95.03,Healthy
HCIQK8DXB9,W87KYXHJ,1.46,Cancer_Type_B
FSZ0AGN2LM,W87KYXHJ,90.79,Cancer_Type_B
MJQTV4AF67,W87KYXHJ,88.19,Cancer_Type_B
2DAGJN2YV6,W87KYXHJ,18.55,Healthy
TLJJKI6XLB,W87KYXHJ,25.54,Healthy
VME7TTSBS5,W87KYXHJ,51.85,Cancer_Type_B
NKSG8UZMRZ,W87KYXHJ,75.42,Cancer_Type_B
YDONMZDPJ8,W87KYXHJ,44.52,Cancer_Type_B
A83P22ZY5W,W87KYXHJ,96.4,Cancer_Type_B
WO5UJTB0ZV,W87KYXHJ,89.64,Cancer_Type_B
4K15PWFKWT,W87KYXHJ,96.3,Cancer_Type_A
4PQ9XXJIPJ,W87KYXHJ,30.45,Cancer_Type_A
LCXY3LMGQ0,W87KYXHJ,15.15,Healthy
U4RKKHLIDI,W87KYXHJ,50.04,Cancer_Type_B
O3I3IYGNEO,W87KYXHJ,56.63,Healthy
0NTOUPY4IB,W87KYXHJ,10.05,Healthy
YTXQ1ZA5HN,W87KYXHJ,95.35,Cancer_Type_B
P3RBX90BOC,W87KYXHJ,75.25,Cancer_Type_A
MF9SBA2J43,W87KYXHJ,94.03,Cancer_Type_A
CP0HGW9YR7,W87KYXHJ,24.26,Healthy
QM6W6NSCRU,W87KYXHJ,94.79,Cancer_Type_B
IY8P1BW203,W87KYXHJ,65.96,Healthy
UM037R1VII,W87KYXHJ,37.69,Healthy
UOB80872FP,W87KYXHJ,67.24,Cancer_Type_B
ADOTM0EIE1,W87KYXHJ,80.29,Cancer_Type_A
PJ2Q3HJ5KR,W87KYXHJ,94.19,Cancer_Type_B
S2YR0YSB13,W87KYXHJ,61.52,Healthy
9E6AQKE0BQ,W87KYXHJ,78.09,Healthy
BHN1HRQWBL,RHX895ME,94.72,Cancer_Type_A
RO907Y9BQY,RHX895ME,94.11,Cancer_Type_A
TYTH27KO5M,RHX895ME,63.22,Cancer_Type_B
0LIP0B6TUM,RHX895ME,21.14,Cancer_Type_B
1RE2OFGVP7,RHX895ME,13.55,Cancer_Type_B
HCAKG62FYG,RHX895ME,40.12,Healthy
UL7PM3297X,RHX895ME,62.21,Cancer_Type_B
QLD7O76TZY,RHX895ME,12.41,Cancer_Type_B
PM2XJV62LW,RHX895ME,24.53,Cancer_Type_B
OHUU32DP69,RHX895ME,36.34,Cancer_Type_B
QX0OIMDST3,RHX895ME,95.44,Cancer_Type_A
ZAKDLE5ABH,RHX895ME,98.22,Healthy
HDE7IFQ0MU,RHX895ME,47.69,Cancer_Type_A
U9U4SRA08T,RHX895ME,87.86,Cancer_Type_A
T5SP5FGT9T,RHX895ME,58.89,Healthy
0KIZ2Y2OOH,RHX895ME,21.19,Cancer_Type_B
SIXYEZ2PQ6,RHX895ME,91.97,Cancer_Type_A
CAKUMNLFP8,RHX895ME,2.73,Cancer_Type_B
N1VY7Q7WIE,RHX895ME,10.61,Cancer_Type_B
5H1BHSXJ83,RHX895ME,39.5,Healthy
FXOM4HT1J0,RHX895ME,52.36,Cancer_Type_B
8Q1UXUP5F8,RHX895ME,24.68,Healthy
HCIQK8DXB9,RHX895ME,11.72,Cancer_Type_B
FSZ0AGN2LM,RHX895ME,12.06,Cancer_Type_B
MJQTV4AF67,RHX895ME,67.89,Cancer_Type_B
2DAGJN2YV6,RHX895ME,50.09,Healthy
TLJJKI6XLB,RHX895ME,50.61,Healthy
VME7TTSBS5,RHX895ME,70.83,Cancer_Type_B
NKSG8UZMRZ,RHX895ME,9.21,Cancer_Type_B
YDONMZDPJ8,RHX895ME,93.25,Cancer_Type_B
A83P22ZY5W,RHX895ME,41.83,Cancer_Type_B
WO5UJTB0ZV,RHX895ME,86.77,Cancer_Type_B
4K15PWFKWT,RHX895ME,48.15,Cancer_Type_A
4PQ9XXJIPJ,RHX895ME,37.86,Cancer_Type_A
LCXY3LMGQ0,RHX895ME,77.88,Healthy
U4RKKHLIDI,RHX895ME,31.77,Cancer_Type_B
O3I3IYGNEO,RHX895ME,33.72,Healthy
0NTOUPY4IB,RHX895ME,16.77,Healthy
YTXQ1ZA5HN,RHX895ME,37.42,Cancer_Type_B
P3RBX90BOC,RHX895ME,45.57,Cancer_Type_A
MF9SBA2J43,RHX895ME,72.27,Cancer_Type_A
CP0HGW9YR7,RHX895ME,27.94,Healthy
QM6W6NSCRU,RHX895ME,7.47,Cancer_Type_B
IY8P1BW203,RHX895ME,70.04,Healthy
UM037R1VII,RHX895ME,58.72,Healthy
UOB80872FP,RHX895ME,9.91,Cancer_Type_B
ADOTM0EIE1,RHX895ME,53.66,Cancer_Type_A
PJ2Q3HJ5KR,RHX895ME,21.34,Cancer_Type_B
S2YR0YSB13,RHX895ME,96.77,Healthy
9E6AQKE0BQ,RHX895ME,20.63,Healthy
BHN1HRQWBL,7HDTUYVC,35.08,Cancer_Type_A
RO907Y9BQY,7HDTUYVC,25.94,Cancer_Type_A
TYTH27KO5M,7HDTUYVC,36.5,Cancer_Type_B
0LIP0B6TUM,7HDTUYVC,14.17,Cancer_Type_B
1RE2OFGVP7,7HDTUYVC,72.8,Cancer_Type_B
HCAKG62FYG,7HDTUYVC,24.81,Healthy
UL7PM3297X,7HDTUYVC,34.23,Cancer_Type_B
QLD7O76TZY,7HDTUYVC,70.37,Cancer_Type_B
PM2XJV62LW,7HDTUYVC,47.74,Cancer_Type_B
OHUU32DP69,7HDTUYVC,59.64,Cancer_Type_B
QX0OIMDST3,7HDTUYVC,58.65,Cancer_Type_A
ZAKDLE5ABH,7HDTUYVC,0.29,Healthy
HDE7IFQ0MU,7HDTUYVC,15.09,Cancer_Type_A
U9U4SRA08T,7HDTUYVC,29.61,Cancer_Type_A
T5SP5FGT9T,7HDTUYVC,84.86,Healthy
0KIZ2Y2OOH,7HDTUYVC,98.88,Cancer_Type_B
SIXYEZ2PQ6,7HDTUYVC,40.56,Cancer_Type_A
CAKUMNLFP8,7HDTUYVC,67.53,Cancer_Type_B
N1VY7Q7WIE,7HDTUYVC,62.65,Cancer_Type_B
5H1BHSXJ83,7HDTUYVC,81.75,Healthy
FXOM4HT1J0,7HDTUYVC,17.39,Cancer_Type_B
8Q1UXUP5F8,7HDTUYVC,54.72,Healthy
HCIQK8DXB9,7HDTUYVC,28.45,Cancer_Type_B
FSZ0AGN2LM,7HDTUYVC,24.79,Cancer_Type_B
MJQTV4AF67,7HDTUYVC,74.21,Cancer_Type_B
2DAGJN2YV6,7HDTUYVC,13.45,Healthy
TLJJKI6XLB,7HDTUYVC,55.36,Healthy
VME7TTSBS5,7HDTUYVC,53.24,Cancer_Type_B
NKSG8UZMRZ,7HDTUYVC,59.44,Cancer_Type_B
YDONMZDPJ8,7HDTUYVC,38.86,Cancer_Type_B
A83P22ZY5W,7HDTUYVC,65.37,Cancer_Type_B
WO5UJTB0ZV,7HDTUYVC,58.56,Cancer_Type_B
4K15PWFKWT,7HDTUYVC,67.9,Cancer_Type_A
4PQ9XXJIPJ,7HDTUYVC,95.09,Cancer_Type_A
LCXY3LMGQ0,7HDTUYVC,93.72,Healthy
U4RKKHLIDI,7HDTUYVC,10.64,Cancer_Type_B
O3I3IYGNEO,7HDTUYVC,43.91,Healthy
0NTOUPY4IB,7HDTUYVC,1.23,Healthy
YTXQ1ZA5HN,7HDTUYVC,88.04,Cancer_Type_B
P3RBX90BOC,7HDTUYVC,34.39,Cancer_Type_A
MF9SBA2J43,7HDTUYVC,13.75,Cancer_Type_A
CP0HGW9YR7,7HDTUYVC,7.94,Healthy
QM6W6NSCRU,7HDTUYVC,41.93,Cancer_Type_B
IY8P1BW203,7HDTUYVC,66.77,Healthy
UM037R1VII,7HDTUYVC,79.66,Healthy
UOB80872FP,7HDTUYVC,9.35,Cancer_Type_B
ADOTM0EIE1,7HDTUYVC,20.43,Cancer_Type_A
PJ2Q3HJ5KR,7HDTUYVC,64.22,Cancer_Type_B
S2YR0YSB13,7HDTUYVC,52.71,Healthy
9E6AQKE0BQ,7HDTUYVC,64.97,Healthy
BHN1HRQWBL,XL0IA1UP,64.81,Cancer_Type_A
RO907Y9BQY,XL0IA1UP,0.45,Cancer_Type_A
TYTH27KO5M,XL0IA1UP,88.33,Cancer_Type_B
0LIP0B6TUM,XL0IA1UP,24.67,Cancer_Type_B
1RE2OFGVP7,XL0IA1UP,41.66,Cancer_Type_B
HCAKG62FYG,XL0IA1UP,73.99,Healthy
UL7PM3297X,XL0IA1UP,60.13,Cancer_Type_B
QLD7O76TZY,XL0IA1UP,72.56,Cancer_Type_B
PM2XJV62LW,XL0IA1UP,58.98,Cancer_Type_B
OHUU32DP69,XL0IA1UP,4.88,Cancer_Type_B
QX0OIMDST3,XL0IA1UP,28.22,Cancer_Type_A
ZAKDLE5ABH,XL0IA1UP,55.51,Healthy
HDE7IFQ0MU,XL0IA1UP,23.16,Cancer_Type_A
U9U4SRA08T,XL0IA1UP,40.04,Cancer_Type_A
T5SP5FGT9T,XL0IA1UP,3.11,Healthy
0KIZ2Y2OOH,XL0IA1UP,18.7,Cancer_Type_B
SIXYEZ2PQ6,XL0IA1UP,94.6,Cancer_Type_A
CAKUMNLFP8,XL0IA1UP,64.68,Cancer_Type_B
N1VY7Q7WIE,XL0IA1UP,50.32,Cancer_Type_B
5H1BHSXJ83,XL0IA1UP,44.94,Healthy
FXOM4HT1J0,XL0IA1UP,62.53,Cancer_Type_B
8Q1UXUP5F8,XL0IA1UP,76.82,Healthy
HCIQK8DXB9,XL0IA1UP,9.33,Cancer_Type_B
FSZ0AGN2LM,XL0IA1UP,86.8,Cancer_Type_B
MJQTV4AF67,XL0IA1UP,44.67,Cancer_Type_B
2DAGJN2YV6,XL0IA1UP,85.99,Healthy
TLJJKI6XLB,XL0IA1UP,79.66,Healthy
VME7TTSBS5,XL0IA1UP,46.0,Cancer_Type_B
NKSG8UZMRZ,XL0IA1UP,21.84,Cancer_Type_B
YDONMZDPJ8,XL0IA1UP,73.1,Cancer_Type_B
A83P22ZY5W,XL0IA1UP,86.86,Cancer_Type_B
WO5UJTB0ZV,XL0IA1UP,29.05,Cancer_Type_B
4K15PWFKWT,XL0IA1UP,33.14,Cancer_Type_A
4PQ9XXJIPJ,XL0IA1UP,89.63,Cancer_Type_A
LCXY3LMGQ0,XL0IA1UP,85.13,Healthy
U4RKKHLIDI,XL0IA1UP,20.93,Cancer_Type_B
O3I3IYGNEO,XL0IA1UP,2.27,Healthy
0NTOUPY4IB,XL0IA1UP,34.1,Healthy
YTXQ1ZA5HN,XL0IA1UP,74.69,Cancer_Type_B
P3RBX90BOC,XL0IA1UP,87.54,Cancer_Type_A
MF9SBA2J43,XL0IA1UP,76.45,Cancer_Type_A
CP0HGW9YR7,XL0IA1UP,70.46,Healthy
QM6W6NSCRU,XL0IA1UP,94.66,Cancer_Type_B
IY8P1BW203,XL0IA1UP,59.67,Healthy
UM037R1VII,XL0IA1UP,49.14,Healthy
UOB80872FP,XL0IA1UP,93.68,Cancer_Type_B
ADOTM0EIE1,XL0IA1UP,28.33,Cancer_Type_A
PJ2Q3HJ5KR,XL0IA1UP,76.27,Cancer_Type_B
S2YR0YSB13,XL0IA1UP,80.83,Healthy
9E6AQKE0BQ,XL0IA1UP,3.66,Healthy
BHN1HRQWBL,07QOEKSP,24.9,Cancer_Type_A
RO907Y9BQY,07QOEKSP,89.4,Cancer_Type_A
TYTH27KO5M,07QOEKSP,57.71,Cancer_Type_B
0LIP0B6TUM,07QOEKSP,19.29,Cancer_Type_B
1RE2OFGVP7,07QOEKSP,90.5,Cancer_Type_B
HCAKG62FYG,07QOEKSP,18.66,Healthy
UL7PM3297X,07QOEKSP,34.79,Cancer_Type_B
QLD7O76TZY,07QOEKSP,47.46,Cancer_Type_B
PM2XJV62LW,07QOEKSP,52.3,Cancer_Type_B
OHUU32DP69,07QOEKSP,93.94,Cancer_Type_B
QX0OIMDST3,07QOEKSP,30.55,Cancer_Type_A
ZAKDLE5ABH,07QOEKSP,29.16,Healthy
HDE7IFQ0MU,07QOEKSP,15.15,Cancer_Type_A
U9U4SRA08T,07QOEKSP,21.53,Cancer_Type_A
T5SP5FGT9T,07QOEKSP,85.23,Healthy
0KIZ2Y2OOH,07QOEKSP,85.37,Cancer_Type_B
SIXYEZ2PQ6,07QOEKSP,92.03,Cancer_Type_A
CAKUMNLFP8,07QOEKSP,62.29,Cancer_Type_B
N1VY7Q7WIE,07QOEKSP,86.72,Cancer_Type_B
5H1BHSXJ83,07QOEKSP,40.9,Healthy
FXOM4HT1J0,07QOEKSP,63.98,Cancer_Type_B
8Q1UXUP5F8,07QOEKSP,60.2,Healthy
HCIQK8DXB9,07QOEKSP,31.72,Cancer_Type_B
FSZ0AGN2LM,07QOEKSP,79.78,Cancer_Type_B
MJQTV4AF67,07QOEKSP,14.53,Cancer_Type_B
2DAGJN2YV6,07QOEKSP,25.57,Healthy
TLJJKI6XLB,07QOEKSP,57.89,Healthy
VME7TTSBS5,07QOEKSP,90.87,Cancer_Type_B
NKSG8UZMRZ,07QOEKSP,47.26,Cancer_Type_B
YDONMZDPJ8,07QOEKSP,70.63,Cancer_Type_B
A83P22ZY5W,07QOEKSP,39.83,Cancer_Type_B
WO5UJTB0ZV,07QOEKSP,94.0,Cancer_Type_B
4K15PWFKWT,07QOEKSP,66.73,Cancer_Type_A
4PQ9XXJIPJ,07QOEKSP,53.02,Cancer_Type_A
LCXY3LMGQ0,07QOEKSP,28.73,Healthy
U4RKKHLIDI,07QOEKSP,33.05,Cancer_Type_B
O3I3IYGNEO,07QOEKSP,92.47,Healthy
0NTOUPY4IB,07QOEKSP,43.68,Healthy
YTXQ1ZA5HN,07QOEKSP,3.89,Cancer_Type_B
P3RBX90BOC,07QOEKSP,62.7,Cancer_Type_A
MF9SBA2J43,07QOEKSP,30.15,Cancer_Type_A
CP0HGW9YR7,07QOEKSP,54.86,Healthy
QM6W6NSCRU,07QOEKSP,59.87,Cancer_Type_B
IY8P1BW203,07QOEKSP,53.1,Healthy
UM037R1VII,07QOEKSP,95.98,Healthy
UOB80872FP,07QOEKSP,89.63,Cancer_Type_B
ADOTM0EIE1,07QOEKSP,14.77,Cancer_Type_A
PJ2Q3HJ5KR,07QOEKSP,30.19,Cancer_Type_B
S2YR0YSB13,07QOEKSP,35.82,Healthy
9E6AQKE0BQ,07QOEKSP,71.54,Healthy
BHN1HRQWBL,3DKHELOT,62.81,Cancer_Type_A
RO907Y9BQY,3DKHELOT,28.15,Cancer_Type_A
TYTH27KO5M,3DKHELOT,39.58,Cancer_Type_B
0LIP0B6TUM,3DKHELOT,6.96,Cancer_Type_B
1RE2OFGVP7,3DKHELOT,46.91,Cancer_Type_B
HCAKG62FYG,3DKHELOT,0.01,Healthy
UL7PM3297X,3DKHELOT,90.29,Cancer_Type_B
QLD7O76TZY,3DKHELOT,25.76,Cancer_Type_B
PM2XJV62LW,3DKHELOT,46.52,Cancer_Type_B
OHUU32DP69,3DKHELOT,42.7,Cancer_Type_B
QX0OIMDST3,3DKHELOT,47.56,Cancer_Type_A
ZAKDLE5ABH,3DKHELOT,52.07,Healthy
HDE7IFQ0MU,3DKHELOT,9.1,Cancer_Type_A
U9U4SRA08T,3DKHELOT,40.43,Cancer_Type_A
T5SP5FGT9T,3DKHELOT,36.87,Healthy
0KIZ2Y2OOH,3DKHELOT,55.04,Cancer_Type_B
SIXYEZ2PQ6,3DKHELOT,48.61,Cancer_Type_A
CAKUMNLFP8,3DKHELOT,24.29,Cancer_Type_B
N1VY7Q7WIE,3DKHELOT,58.88,Cancer_Type_B
5H1BHSXJ83,3DKHELOT,64.22,Healthy
FXOM4HT1J0,3DKHELOT,46.64,Cancer_Type_B
8Q1UXUP5F8,3DKHELOT,75.94,Healthy
HCIQK8DXB9,3DKHELOT,97.56,Cancer_Type_B
FSZ0AGN2LM,3DKHELOT,31.11,Cancer_Type_B
MJQTV4AF67,3DKHELOT,8.85,Cancer_Type_B
2DAGJN2YV6,3DKHELOT,12.94,Healthy
TLJJKI6XLB,3DKHELOT,38.85,Healthy
VME7TTSBS5,3DKHELOT,82.74,Cancer_Type_B
NKSG8UZMRZ,3DKHELOT,82.77,Cancer_Type_B
YDONMZDPJ8,3DKHELOT,62.49,Cancer_Type_B
A83P22ZY5W,3DKHELOT,88.49,Cancer_Type_B
WO5UJTB0ZV,3DKHELOT,20.92,Cancer_Type_B
4K15PWFKWT,3DKHELOT,97.02,Cancer_Type_A
4PQ9XXJIPJ,3DKHELOT,20.52,Cancer_Type_A
LCXY3LMGQ0,3DKHELOT,9.61,Healthy
U4RKKHLIDI,3DKHELOT,19.46,Cancer_Type_B
O3I3IYGNEO,3DKHELOT,18.84,Healthy
0NTOUPY4IB,3DKHELOT,36.13,Healthy
YTXQ1ZA5HN,3DKHELOT,43.6,Cancer_Type_B
P3RBX90BOC,3DKHELOT,95.05,Cancer_Type_A
MF9SBA2J43,3DKHELOT,0.62,Cancer_Type_A
CP0HGW9YR7,3DKHELOT,67.79,Healthy
QM6W6NSCRU,3DKHELOT,95.22,Cancer_Type_B
IY8P1BW203,3DKHELOT,69.82,Healthy
UM037R1VII,3DKHELOT,10.84,Healthy
UOB80872FP,3DKHELOT,61.32,Cancer_Type_B
ADOTM0EIE1,3DKHELOT,95.85,Cancer_Type_A
PJ2Q3HJ5KR,3DKHELOT,69.49,Cancer_Type_B
S2YR0YSB13,3DKHELOT,22.72,Healthy
9E6AQKE0BQ,3DKHELOT,80.53,Healthy
BHN1HRQWBL,DEBDM6JA,29.28,Cancer_Type_A
RO907Y9BQY,DEBDM6JA,87.7,Cancer_Type_A
TYTH27KO5M,DEBDM6JA,76.43,Cancer_Type_B
0LIP0B6TUM,DEBDM6JA,2.54,Cancer_Type_B
1RE2OFGVP7,DEBDM6JA,9.92,Cancer_Type_B
HCAKG62FYG,DEBDM6JA,77.61,Healthy
UL7PM3297X,DEBDM6JA,89.27,Cancer_Type_B
QLD7O76TZY,DEBDM6JA,62.41,Cancer_Type_B
PM2XJV62LW,DEBDM6JA,24.81,Cancer_Type_B
OHUU32DP69,DEBDM6JA,87.39,Cancer_Type_B
QX0OIMDST3,DEBDM6JA,50.34,Cancer_Type_A
ZAKDLE5ABH,DEBDM6JA,79.33,Healthy
HDE7IFQ0MU,DEBDM6JA,50.86,Cancer_Type_A
U9U4SRA08T,DEBDM6JA,92.17,Cancer_Type_A
T5SP5FGT9T,DEBDM6JA,93.62,Healthy
0KIZ2Y2OOH,DEBDM6JA,70.33,Cancer_Type_B
SIXYEZ2PQ6,DEBDM6JA,19.5,Cancer_Type_A
CAKUMNLFP8,DEBDM6JA,77.19,Cancer_Type_B
N1VY7Q7WIE,DEBDM6JA,76.26,Cancer_Type_B
5H1BHSXJ83,DEBDM6JA,45.96,Healthy
FXOM4HT1J0,DEBDM6JA,20.67,Cancer_Type_B
8Q1UXUP5F8,DEBDM6JA,64.3,Healthy
HCIQK8DXB9,DEBDM6JA,19.59,Cancer_Type_B
FSZ0AGN2LM,DEBDM6JA,63.44,Cancer_Type_B
MJQTV4AF67,DEBDM6JA,29.74,Cancer_Type_B
2DAGJN2YV6,DEBDM6JA,71.59,Healthy
TLJJKI6XLB,DEBDM6JA,84.98,Healthy
VME7TTSBS5,DEBDM6JA,19.75,Cancer_Type_B
NKSG8UZMRZ,DEBDM6JA,62.32,Cancer_Type_B
YDONMZDPJ8,DEBDM6JA,81.73,Cancer_Type_B
A83P22ZY5W,DEBDM6JA,82.39,Cancer_Type_B
WO5UJTB0ZV,DEBDM6JA,66.14,Cancer_Type_B
4K15PWFKWT,DEBDM6JA,7.15,Cancer_Type_A
4PQ9XXJIPJ,DEBDM6JA,31.12,Cancer_Type_A
LCXY3LMGQ0,DEBDM6JA,32.68,Healthy
U4RKKHLIDI,DEBDM6JA,54.49,Cancer_Type_B
O3I3IYGNEO,DEBDM6JA,57.24,Healthy
0NTOUPY4IB,DEBDM6JA,69.81,Healthy
YTXQ1ZA5HN,DEBDM6JA,14.84,Cancer_Type_B
P3RBX90BOC,DEBDM6JA,59.05,Cancer_Type_A
MF9SBA2J43,DEBDM6JA,84.6,Cancer_Type_A
CP0HGW9YR7,DEBDM6JA,91.71,Healthy
QM6W6NSCRU,DEBDM6JA,50.6,Cancer_Type_B
IY8P1BW203,DEBDM6JA,88.65,Healthy
UM037R1VII,DEBDM6JA,50.23,Healthy
UOB80872FP,DEBDM6JA,94.04,Cancer_Type_B
ADOTM0EIE1,DEBDM6JA,77.48,Cancer_Type_A
PJ2Q3HJ5KR,DEBDM6JA,38.43,Cancer_Type_B
S2YR0YSB13,DEBDM6JA,40.28,Healthy
9E6AQKE0BQ,DEBDM6JA,65.71,Healthy
BHN1HRQWBL,58T8LW2M,38.38,Cancer_Type_A
RO907Y9BQY,58T8LW2M,82.85,Cancer_Type_A
TYTH27KO5M,58T8LW2M,79.92,Cancer_Type_B
0LIP0B6TUM,58T8LW2M,4.45,Cancer_Type_B
1RE2OFGVP7,58T8LW2M,1.39,Cancer_Type_B
HCAKG62FYG,58T8LW2M,0.35,Healthy
UL7PM3297X,58T8LW2M,38.45,Cancer_Type_B
QLD7O76TZY,58T8LW2M,35.74,Cancer_Type_B
PM2XJV62LW,58T8LW2M,17.74,Cancer_Type_B
OHUU32DP69,58T8LW2M,68.44,Cancer_Type_B
QX0OIMDST3,58T8LW2M,83.18,Cancer_Type_A
ZAKDLE5ABH,58T8LW2M,63.36,Healthy
HDE7IFQ0MU,58T8LW2M,79.39,Cancer_Type_A
U9U4SRA08T,58T8LW2M,32.1,Cancer_Type_A
T5SP5FGT9T,58T8LW2M,72.53,Healthy
0KIZ2Y2OOH,58T8LW2M,96.29,Cancer_Type_B
SIXYEZ2PQ6,58T8LW2M,58.28,Cancer_Type_A
CAKUMNLFP8,58T8LW2M,60.77,Cancer_Type_B
N1VY7Q7WIE,58T8LW2M,63.32,Cancer_Type_B
5H1BHSXJ83,58T8LW2M,58.83,Healthy
FXOM4HT1J0,58T8LW2M,72.87,Cancer_Type_B
8Q1UXUP5F8,58T8LW2M,96.29,Healthy
HCIQK8DXB9,58T8LW2M,73.0,Cancer_Type_B
FSZ0AGN2LM,58T8LW2M,88.08,Cancer_Type_B
MJQTV4AF67,58T8LW2M,96.07,Cancer_Type_B
2DAGJN2YV6,58T8LW2M,54.62,Healthy
TLJJKI6XLB,58T8LW2M,72.09,Healthy
VME7TTSBS5,58T8LW2M,51.59,Cancer_Type_B
NKSG8UZMRZ,58T8LW2M,0.38,Cancer_Type_B
YDONMZDPJ8,58T8LW2M,52.2,Cancer_Type_B
A83P22ZY5W,58T8LW2M,32.31,Cancer_Type_B
WO5UJTB0ZV,58T8LW2M,48.9,Cancer_Type_B
4K15PWFKWT,58T8LW2M,93.23,Cancer_Type_A
4PQ9XXJIPJ,58T8LW2M,38.42,Cancer_Type_A
LCXY3LMGQ0,58T8LW2M,87.25,Healthy
U4RKKHLIDI,58T8LW2M,64.83,Cancer_Type_B
O3I3IYGNEO,58T8LW2M,22.41,Healthy
0NTOUPY4IB,58T8LW2M,94.94,Healthy
YTXQ1ZA5HN,58T8LW2M,56.75,Cancer_Type_B
P3RBX90BOC,58T8LW2M,78.98,Cancer_Type_A
MF9SBA2J43,58T8LW2M,71.91,Cancer_Type_A
CP0HGW9YR7,58T8LW2M,68.3,Healthy
QM6W6NSCRU,58T8LW2M,56.2,Cancer_Type_B
IY8P1BW203,58T8LW2M,42.8,Healthy
UM037R1VII,58T8LW2M,98.17,Healthy
UOB80872FP,58T8LW2M,88.29,Cancer_Type_B
ADOTM0EIE1,58T8LW2M,12.12,Cancer_Type_A
PJ2Q3HJ5KR,58T8LW2M,73.42,Cancer_Type_B
S2YR0YSB13,58T8LW2M,45.44,Healthy
9E6AQKE0BQ,58T8LW2M,31.81,Healthy
BHN1HRQWBL,58EYIPOT,74.61,Cancer_Type_A
RO907Y9BQY,58EYIPOT,57.17,Cancer_Type_A
TYTH27KO5M,58EYIPOT,39.75,Cancer_Type_B
0LIP0B6TUM,58EYIPOT,58.16,Cancer_Type_B
1RE2OFGVP7,58EYIPOT,61.82,Cancer_Type_B
HCAKG62FYG,58EYIPOT,58.64,Healthy
UL7PM3297X,58EYIPOT,84.9,Cancer_Type_B
QLD7O76TZY,58EYIPOT,42.0,Cancer_Type_B
PM2XJV62LW,58EYIPOT,68.01,Cancer_Type_B
OHUU32DP69,58EYIPOT,97.21,Cancer_Type_B
QX0OIMDST3,58EYIPOT,69.17,Cancer_Type_A
ZAKDLE5ABH,58EYIPOT,93.26,Healthy
HDE7IFQ0MU,58EYIPOT,18.53,Cancer_Type_A
U9U4SRA08T,58EYIPOT,47.81,Cancer_Type_A
T5SP5FGT9T,58EYIPOT,8.48,Healthy
0KIZ2Y2OOH,58EYIPOT,65.02,Cancer_Type_B
SIXYEZ2PQ6,58EYIPOT,83.24,Cancer_Type_A
CAKUMNLFP8,58EYIPOT,21.54,Cancer_Type_B
N1VY7Q7WIE,58EYIPOT,27.06,Cancer_Type_B
5H1BHSXJ83,58EYIPOT,56.66,Healthy
FXOM4HT1J0,58EYIPOT,14.08,Cancer_Type_B
8Q1UXUP5F8,58EYIPOT,71.97,Healthy
HCIQK8DXB9,58EYIPOT,57.95,Cancer_Type_B
FSZ0AGN2LM,58EYIPOT,90.5,Cancer_Type_B
MJQTV4AF67,58EYIPOT,22.12,Cancer_Type_B
2DAGJN2YV6,58EYIPOT,94.98,Healthy
TLJJKI6XLB,58EYIPOT,3.58,Healthy
VME7TTSBS5,58EYIPOT,97.0,Cancer_Type_B
NKSG8UZMRZ,58EYIPOT,84.96,Cancer_Type_B
YDONMZDPJ8,58EYIPOT,27.04,Cancer_Type_B
A83P22ZY5W,58EYIPOT,14.66,Cancer_Type_B
WO5UJTB0ZV,58EYIPOT,31.04,Cancer_Type_B
4K15PWFKWT,58EYIPOT,10.21,Cancer_Type_A
4PQ9XXJIPJ,58EYIPOT,84.52,Cancer_Type_A
LCXY3LMGQ0,58EYIPOT,7.65,Healthy
U4RKKHLIDI,58EYIPOT,33.94,Cancer_Type_B
O3I3IYGNEO,58EYIPOT,36.91,Healthy
0NTOUPY4IB,58EYIPOT,57.07,Healthy
YTXQ1ZA5HN,58EYIPOT,23.75,Cancer_Type_B
P3RBX90BOC,58EYIPOT,42.79,Cancer_Type_A
MF9SBA2J43,58EYIPOT,47.08,Cancer_Type_A
CP0HGW9YR7,58EYIPOT,62.34,Healthy
QM6W6NSCRU,58EYIPOT,57.47,Cancer_Type_B
IY8P1BW203,58EYIPOT,11.0,Healthy
UM037R1VII,58EYIPOT,64.64,Healthy
UOB80872FP,58EYIPOT,45.69,Cancer_Type_B
ADOTM0EIE1,58EYIPOT,60.72,Cancer_Type_A
PJ2Q3HJ5KR,58EYIPOT,41.85,Cancer_Type_B
S2YR0YSB13,58EYIPOT,32.7,Healthy
9E6AQKE0BQ,58EYIPOT,61.24,Healthy
BHN1HRQWBL,WDO97OER,75.97,Cancer_Type_A
RO907Y9BQY,WDO97OER,25.84,Cancer_Type_A
TYTH27KO5M,WDO97OER,42.2,Cancer_Type_B
0LIP0B6TUM,WDO97OER,97.9,Cancer_Type_B
1RE2OFGVP7,WDO97OER,18.83,Cancer_Type_B
HCAKG62FYG,WDO97OER,72.03,Healthy
UL7PM3297X,WDO97OER,41.95,Cancer_Type_B
QLD7O76TZY,WDO97OER,14.92,Cancer_Type_B
PM2XJV62LW,WDO97OER,23.84,Cancer_Type_B
OHUU32DP69,WDO97OER,32.14,Cancer_Type_B
QX0OIMDST3,WDO97OER,13.97,Cancer_Type_A
ZAKDLE5ABH,WDO97OER,82.4,Healthy
HDE7IFQ0MU,WDO97OER,94.41,Cancer_Type_A
U9U4SRA08T,WDO97OER,18.55,Cancer_Type_A
T5SP5FGT9T,WDO97OER,98.34,Healthy
0KIZ2Y2OOH,WDO97OER,4.58,Cancer_Type_B
SIXYEZ2PQ6,WDO97OER,93.78,Cancer_Type_A
CAKUMNLFP8,WDO97OER,58.52,Cancer_Type_B
N1VY7Q7WIE,WDO97OER,86.43,Cancer_Type_B
5H1BHSXJ83,WDO97OER,36.1,Healthy
FXOM4HT1J0,WDO97OER,88.41,Cancer_Type_B
8Q1UXUP5F8,WDO97OER,30.56,Healthy
HCIQK8DXB9,WDO97OER,60.8,Cancer_Type_B
FSZ0AGN2LM,WDO97OER,62.0,Cancer_Type_B
MJQTV4AF67,WDO97OER,86.1,Cancer_Type_B
2DAGJN2YV6,WDO97OER,72.49,Healthy
TLJJKI6XLB,WDO97OER,18.94,Healthy
VME7TTSBS5,WDO97OER,40.85,Cancer_Type_B
NKSG8UZMRZ,WDO97OER,2.53,Cancer_Type_B
YDONMZDPJ8,WDO97OER,59.42,Cancer_Type_B
A83P22ZY5W,WDO97OER,81.94,Cancer_Type_B
WO5UJTB0ZV,WDO97OER,47.81,Cancer_Type_B
4K15PWFKWT,WDO97OER,50.41,Cancer_Type_A
4PQ9XXJIPJ,WDO97OER,69.66,Cancer_Type_A
LCXY3LMGQ0,WDO97OER,70.0,Healthy
U4RKKHLIDI,WDO97OER,40.43,Cancer_Type_B
O3I3IYGNEO,WDO97OER,31.89,Healthy
0NTOUPY4IB,WDO97OER,1.67,Healthy
YTXQ1ZA5HN,WDO97OER,59.64,Cancer_Type_B
P3RBX90BOC,WDO97OER,62.66,Cancer_Type_A
MF9SBA2J43,WDO97OER,42.91,Cancer_Type_A
CP0HGW9YR7,WDO97OER,8.01,Healthy
QM6W6NSCRU,WDO97OER,23.21,Cancer_Type_B
IY8P1BW203,WDO97OER,0.57,Healthy
UM037R1VII,WDO97OER,11.97,Healthy
UOB80872FP,WDO97OER,65.77,Cancer_Type_B
ADOTM0EIE1,WDO97OER,59.93,Cancer_Type_A
PJ2Q3HJ5KR,WDO97OER,27.53,Cancer_Type_B
S2YR0YSB13,WDO97OER,7.15,Healthy
9E6AQKE0BQ,WDO97OER,59.48,Healthy
BHN1HRQWBL,3DULVI5W,80.09,Cancer_Type_A
RO907Y9BQY,3DULVI5W,48.61,Cancer_Type_A
TYTH27KO5M,3DULVI5W,86.52,Cancer_Type_B
0LIP0B6TUM,3DULVI5W,8.42,Cancer_Type_B
1RE2OFGVP7,3DULVI5W,38.22,Cancer_Type_B
HCAKG62FYG,3DULVI5W,0.71,Healthy
UL7PM3297X,3DULVI5W,15.87,Cancer_Type_B
QLD7O76TZY,3DULVI5W,43.14,Cancer_Type_B
PM2XJV62LW,3DULVI5W,46.25,Cancer_Type_B
OHUU32DP69,3DULVI5W,28.24,Cancer_Type_B
QX0OIMDST3,3DULVI5W,5.17,Cancer_Type_A
ZAKDLE5ABH,3DULVI5W,55.21,Healthy
HDE7IFQ0MU,3DULVI5W,87.85,Cancer_Type_A
U9U4SRA08T,3DULVI5W,15.46,Cancer_Type_A
T5SP5FGT9T,3DULVI5W,38.54,Healthy
0KIZ2Y2OOH,3DULVI5W,57.26,Cancer_Type_B
SIXYEZ2PQ6,3DULVI5W,80.56,Cancer_Type_A
CAKUMNLFP8,3DULVI5W,14.42,Cancer_Type_B
N1VY7Q7WIE,3DULVI5W,93.74,Cancer_Type_B
5H1BHSXJ83,3DULVI5W,81.16,Healthy
FXOM4HT1J0,3DULVI5W,66.0,Cancer_Type_B
8Q1UXUP5F8,3DULVI5W,5.43,Healthy
HCIQK8DXB9,3DULVI5W,64.78,Cancer_Type_B
FSZ0AGN2LM,3DULVI5W,34.08,Cancer_Type_B
MJQTV4AF67,3DULVI5W,40.09,Cancer_Type_B
2DAGJN2YV6,3DULVI5W,2.18,Healthy
TLJJKI6XLB,3DULVI5W,15.32,Healthy
VME7TTSBS5,3DULVI5W,87.71,Cancer_Type_B
NKSG8UZMRZ,3DULVI5W,24.61,Cancer_Type_B
YDONMZDPJ8,3DULVI5W,79.31,Cancer_Type_B
A83P22ZY5W,3DULVI5W,78.73,Cancer_Type_B
WO5UJTB0ZV,3DULVI5W,36.72,Cancer_Type_B
4K15PWFKWT,3DULVI5W,34.88,Cancer_Type_A
4PQ9XXJIPJ,3DULVI5W,3.51,Cancer_Type_A
LCXY3LMGQ0,3DULVI5W,59.89,Healthy
U4RKKHLIDI,3DULVI5W,34.32,Cancer_Type_B
O3I3IYGNEO,3DULVI5W,0.26,Healthy
0NTOUPY4IB,3DULVI5W,30.2,Healthy
YTXQ1ZA5HN,3DULVI5W,13.7,Cancer_Type_B
P3RBX90BOC,3DULVI5W,2.63,Cancer_Type_A
MF9SBA2J43,3DULVI5W,78.24,Cancer_Type_A
CP0HGW9YR7,3DULVI5W,12.33,Healthy
QM6W6NSCRU,3DULVI5W,3.9,Cancer_Type_B
IY8P1BW203,3DULVI5W,54.8,Healthy
UM037R1VII,3DULVI5W,31.42,Healthy
UOB80872FP,3DULVI5W,28.24,Cancer_Type_B
ADOTM0EIE1,3DULVI5W,9.71,Cancer_Type_A
PJ2Q3HJ5KR,3DULVI5W,40.04,Cancer_Type_B
S2YR0YSB13,3DULVI5W,15.46,Healthy
9E6AQKE0BQ,3DULVI5W,18.68,Healthy
BHN1HRQWBL,5V2DV36H,82.45,Cancer_Type_A
RO907Y9BQY,5V2DV36H,59.31,Cancer_Type_A
TYTH27KO5M,5V2DV36H,22.42,Cancer_Type_B
0LIP0B6TUM,5V2DV36H,60.66,Cancer_Type_B
1RE2OFGVP7,5V2DV36H,95.14,Cancer_Type_B
HCAKG62FYG,5V2DV36H,96.71,Healthy
UL7PM3297X,5V2DV36H,1.68,Cancer_Type_B
QLD7O76TZY,5V2DV36H,43.85,Cancer_Type_B
PM2XJV62LW,5V2DV36H,35.24,Cancer_Type_B
OHUU32DP69,5V2DV36H,2.83,Cancer_Type_B
QX0OIMDST3,5V2DV36H,80.59,Cancer_Type_A
ZAKDLE5ABH,5V2DV36H,89.15,Healthy
HDE7IFQ0MU,5V2DV36H,13.43,Cancer_Type_A
U9U4SRA08T,5V2DV36H,97.19,Cancer_Type_A
T5SP5FGT9T,5V2DV36H,0.39,Healthy
0KIZ2Y2OOH,5V2DV36H,32.03,Cancer_Type_B
SIXYEZ2PQ6,5V2DV36H,16.21,Cancer_Type_A
CAKUMNLFP8,5V2DV36H,78.6,Cancer_Type_B
N1VY7Q7WIE,5V2DV36H,81.35,Cancer_Type_B
5H1BHSXJ83,5V2DV36H,0.27,Healthy
FXOM4HT1J0,5V2DV36H,11.48,Cancer_Type_B
8Q1UXUP5F8,5V2DV36H,81.64,Healthy
HCIQK8DXB9,5V2DV36H,64.57,Cancer_Type_B
FSZ0AGN2LM,5V2DV36H,35.03,Cancer_Type_B
MJQTV4AF67,5V2DV36H,79.83,Cancer_Type_B
2DAGJN2YV6,5V2DV36H,25.44,Healthy
TLJJKI6XLB,5V2DV36H,13.26,Healthy
VME7TTSBS5,5V2DV36H,12.3,Cancer_Type_B
NKSG8UZMRZ,5V2DV36H,53.19,Cancer_Type_B
YDONMZDPJ8,5V2DV36H,62.91,Cancer_Type_B
A83P22ZY5W,5V2DV36H,50.75,Cancer_Type_B
WO5UJTB0ZV,5V2DV36H,62.97,Cancer_Type_B
4K15PWFKWT,5V2DV36H,50.59,Cancer_Type_A
4PQ9XXJIPJ,5V2DV36H,90.48,Cancer_Type_A
LCXY3LMGQ0,5V2DV36H,47.3,Healthy
U4RKKHLIDI,5V2DV36H,16.97,Cancer_Type_B
O3I3IYGNEO,5V2DV36H,97.64,Healthy
0NTOUPY4IB,5V2DV36H,65.84,Healthy
YTXQ1ZA5HN,5V2DV36H,40.77,Cancer_Type_B
P3RBX90BOC,5V2DV36H,46.59,Cancer_Type_A
MF9SBA2J43,5V2DV36H,56.8,Cancer_Type_A
CP0HGW9YR7,5V2DV36H,73.28,Healthy
QM6W6NSCRU,5V2DV36H,80.04,Cancer_Type_B
IY8P1BW203,5V2DV36H,24.15,Healthy
UM037R1VII,5V2DV36H,85.94,Healthy
UOB80872FP,5V2DV36H,32.53,Cancer_Type_B
ADOTM0EIE1,5V2DV36H,33.47,Cancer_Type_A
PJ2Q3HJ5KR,5V2DV36H,15.51,Cancer_Type_B
S2YR0YSB13,5V2DV36H,8.74,Healthy
9E6AQKE0BQ,5V2DV36H,47.61,Healthy
BHN1HRQWBL,1GA60GMN,66.15,Cancer_Type_A
RO907Y9BQY,1GA60GMN,60.04,Cancer_Type_A
TYTH27KO5M,1GA60GMN,51.69,Cancer_Type_B
0LIP0B6TUM,1GA60GMN,66.23,Cancer_Type_B
1RE2OFGVP7,1GA60GMN,91.99,Cancer_Type_B
HCAKG62FYG,1GA60GMN,3.98,Healthy
UL7PM3297X,1GA60GMN,17.77,Cancer_Type_B
QLD7O76TZY,1GA60GMN,12.31,Cancer_Type_B
PM2XJV62LW,1GA60GMN,74.76,Cancer_Type_B
OHUU32DP69,1GA60GMN,43.04,Cancer_Type_B
QX0OIMDST3,1GA60GMN,50.25,Cancer_Type_A
ZAKDLE5ABH,1GA60GMN,48.42,Healthy
HDE7IFQ0MU,1GA60GMN,27.58,Cancer_Type_A
U9U4SRA08T,1GA60GMN,50.38,Cancer_Type_A
T5SP5FGT9T,1GA60GMN,85.97,Healthy
0KIZ2Y2OOH,1GA60GMN,46.99,Cancer_Type_B
SIXYEZ2PQ6,1GA60GMN,61.82,Cancer_Type_A
CAKUMNLFP8,1GA60GMN,78.91,Cancer_Type_B
N1VY7Q7WIE,1GA60GMN,45.46,Cancer_Type_B
5H1BHSXJ83,1GA60GMN,30.15,Healthy
FXOM4HT1J0,1GA60GMN,67.65,Cancer_Type_B
8Q1UXUP5F8,1GA60GMN,20.97,Healthy
HCIQK8DXB9,1GA60GMN,62.51,Cancer_Type_B
FSZ0AGN2LM,1GA60GMN,13.82,Cancer_Type_B
MJQTV4AF67,1GA60GMN,74.52,Cancer_Type_B
2DAGJN2YV6,1GA60GMN,52.72,Healthy
TLJJKI6XLB,1GA60GMN,5.82,Healthy
VME7TTSBS5,1GA60GMN,11.4,Cancer_Type_B
NKSG8UZMRZ,1GA60GMN,16.24,Cancer_Type_B
YDONMZDPJ8,1GA60GMN,78.06,Cancer_Type_B
A83P22ZY5W,1GA60GMN,96.84,Cancer_Type_B
WO5UJTB0ZV,1GA60GMN,55.24,Cancer_Type_B
4K15PWFKWT,1GA60GMN,23.83,Cancer_Type_A
4PQ9XXJIPJ,1GA60GMN,8.88,Cancer_Type_A
LCXY3LMGQ0,1GA60GMN,85.83,Healthy
U4RKKHLIDI,1GA60GMN,41.68,Cancer_Type_B
O3I3IYGNEO,1GA60GMN,79.1,Healthy
0NTOUPY4IB,1GA60GMN,33.83,Healthy
YTXQ1ZA5HN,1GA60GMN,81.16,Cancer_Type_B
P3RBX90BOC,1GA60GMN,62.49,Cancer_Type_A
MF9SBA2J43,1GA60GMN,32.62,Cancer_Type_A
CP0HGW9YR7,1GA60GMN,45.11,Healthy
QM6W6NSCRU,1GA60GMN,0.11,Cancer_Type_B
IY8P1BW203,1GA60GMN,48.06,Healthy
UM037R1VII,1GA60GMN,86.04,Healthy
UOB80872FP,1GA60GMN,63.45,Cancer_Type_B
ADOTM0EIE1,1GA60GMN,93.37,Cancer_Type_A
PJ2Q3HJ5KR,1GA60GMN,4.12,Cancer_Type_B
S2YR0YSB13,1GA60GMN,44.91,Healthy
9E6AQKE0BQ,1GA60GMN,15.13,Healthy
BHN1HRQWBL,0KPO8PQJ,30.91,Cancer_Type_A
RO907Y9BQY,0KPO8PQJ,88.54,Cancer_Type_A
TYTH27KO5M,0KPO8PQJ,87.69,Cancer_Type_B
0LIP0B6TUM,0KPO8PQJ,55.4,Cancer_Type_B
1RE2OFGVP7,0KPO8PQJ,65.84,Cancer_Type_B
HCAKG62FYG,0KPO8PQJ,61.09,Healthy
UL7PM3297X,0KPO8PQJ,84.16,Cancer_Type_B
QLD7O76TZY,0KPO8PQJ,83.38,Cancer_Type_B
PM2XJV62LW,0KPO8PQJ,85.88,Cancer_Type_B
OHUU32DP69,0KPO8PQJ,52.92,Cancer_Type_B
QX0OIMDST3,0KPO8PQJ,14.96,Cancer_Type_A
ZAKDLE5ABH,0KPO8PQJ,49.75,Healthy
HDE7IFQ0MU,0KPO8PQJ,44.78,Cancer_Type_A
U9U4SRA08T,0KPO8PQJ,13.16,Cancer_Type_A
T5SP5FGT9T,0KPO8PQJ,58.17,Healthy
0KIZ2Y2OOH,0KPO8PQJ,6.2,Cancer_Type_B
SIXYEZ2PQ6,0KPO8PQJ,5.12,Cancer_Type_A
CAKUMNLFP8,0KPO8PQJ,0.56,Cancer_Type_B
N1VY7Q7WIE,0KPO8PQJ,31.72,Cancer_Type_B
5H1BHSXJ83,0KPO8PQJ,12.76,Healthy
FXOM4HT1J0,0KPO8PQJ,73.62,Cancer_Type_B
8Q1UXUP5F8,0KPO8PQJ,44.19,Healthy
HCIQK8DXB9,0KPO8PQJ,34.38,Cancer_Type_B
FSZ0AGN2LM,0KPO8PQJ,15.59,Cancer_Type_B
MJQTV4AF67,0KPO8PQJ,85.04,Cancer_Type_B
2DAGJN2YV6,0KPO8PQJ,6.76,Healthy
TLJJKI6XLB,0KPO8PQJ,76.22,Healthy
VME7TTSBS5,0KPO8PQJ,52.17,Cancer_Type_B
NKSG8UZMRZ,0KPO8PQJ,35.17,Cancer_Type_B
YDONMZDPJ8,0KPO8PQJ,93.67,Cancer_Type_B
A83P22ZY5W,0KPO8PQJ,17.81,Cancer_Type_B
WO5UJTB0ZV,0KPO8PQJ,19.01,Cancer_Type_B
4K15PWFKWT,0KPO8PQJ,95.54,Cancer_Type_A
4PQ9XXJIPJ,0KPO8PQJ,72.65,Cancer_Type_A
LCXY3LMGQ0,0KPO8PQJ,54.18,Healthy
U4RKKHLIDI,0KPO8PQJ,36.56,Cancer_Type_B
O3I3IYGNEO,0KPO8PQJ,24.62,Healthy
0NTOUPY4IB,0KPO8PQJ,65.66,Healthy
YTXQ1ZA5HN,0KPO8PQJ,81.49,Cancer_Type_B
P3RBX90BOC,0KPO8PQJ,82.08,Cancer_Type_A
MF9SBA2J43,0KPO8PQJ,92.47,Cancer_Type_A
CP0HGW9YR7,0KPO8PQJ,88.79,Healthy
QM6W6NSCRU,0KPO8PQJ,29.98,Cancer_Type_B
IY8P1BW203,0KPO8PQJ,27.66,Healthy
UM037R1VII,0KPO8PQJ,23.09,Healthy
UOB80872FP,0KPO8PQJ,67.69,Cancer_Type_B
ADOTM0EIE1,0KPO8PQJ,28.63,Cancer_Type_A
PJ2Q3HJ5KR,0KPO8PQJ,4.87,Cancer_Type_B
S2YR0YSB13,0KPO8PQJ,25.79,Healthy
9E6AQKE0BQ,0KPO8PQJ,73.15,Healthy
BHN1HRQWBL,HQBP7BSY,66.18,Cancer_Type_A
RO907Y9BQY,HQBP7BSY,91.7,Cancer_Type_A
TYTH27KO5M,HQBP7BSY,24.53,Cancer_Type_B
0LIP0B6TUM,HQBP7BSY,0.26,Cancer_Type_B
1RE2OFGVP7,HQBP7BSY,9.46,Cancer_Type_B
HCAKG62FYG,HQBP7BSY,48.34,Healthy
UL7PM3297X,HQBP7BSY,93.26,Cancer_Type_B
QLD7O76TZY,HQBP7BSY,59.2,Cancer_Type_B
PM2XJV62LW,HQBP7BSY,26.6,Cancer_Type_B
OHUU32DP69,HQBP7BSY,80.49,Cancer_Type_B
QX0OIMDST3,HQBP7BSY,29.53,Cancer_Type_A
ZAKDLE5ABH,HQBP7BSY,80.96,Healthy
HDE7IFQ0MU,HQBP7BSY,29.21,Cancer_Type_A
U9U4SRA08T,HQBP7BSY,90.36,Cancer_Type_A
T5SP5FGT9T,HQBP7BSY,69.64,Healthy
0KIZ2Y2OOH,HQBP7BSY,30.58,Cancer_Type_B
SIXYEZ2PQ6,HQBP7BSY,60.06,Cancer_Type_A
CAKUMNLFP8,HQBP7BSY,30.85,Cancer_Type_B
N1VY7Q7WIE,HQBP7BSY,68.8,Cancer_Type_B
5H1BHSXJ83,HQBP7BSY,69.48,Healthy
FXOM4HT1J0,HQBP7BSY,96.59,Cancer_Type_B
8Q1UXUP5F8,HQBP7BSY,13.93,Healthy
HCIQK8DXB9,HQBP7BSY,64.73,Cancer_Type_B
FSZ0AGN2LM,HQBP7BSY,80.77,Cancer_Type_B
MJQTV4AF67,HQBP7BSY,26.07,Cancer_Type_B
2DAGJN2YV6,HQBP7BSY,22.79,Healthy
TLJJKI6XLB,HQBP7BSY,80.35,Healthy
VME7TTSBS5,HQBP7BSY,50.27,Cancer_Type_B
NKSG8UZMRZ,HQBP7BSY,52.39,Cancer_Type_B
YDONMZDPJ8,HQBP7BSY,8.65,Cancer_Type_B
A83P22ZY5W,HQBP7BSY,78.74,Cancer_Type_B
WO5UJTB0ZV,HQBP7BSY,17.91,Cancer_Type_B
4K15PWFKWT,HQBP7BSY,75.5,Cancer_Type_A
4PQ9XXJIPJ,HQBP7BSY,41.48,Cancer_Type_A
LCXY3LMGQ0,HQBP7BSY,5.44,Healthy
U4RKKHLIDI,HQBP7BSY,87.03,Cancer_Type_B
O3I3IYGNEO,HQBP7BSY,63.07,Healthy
0NTOUPY4IB,HQBP7BSY,48.71,Healthy
YTXQ1ZA5HN,HQBP7BSY,0.19,Cancer_Type_B
P3RBX90BOC,HQBP7BSY,40.04,Cancer_Type_A
MF9SBA2J43,HQBP7BSY,6.71,Cancer_Type_A
CP0HGW9YR7,HQBP7BSY,75.92,Healthy
QM6W6NSCRU,HQBP7BSY,80.83,Cancer_Type_B
IY8P1BW203,HQBP7BSY,16.02,Healthy
UM037R1VII,HQBP7BSY,90.15,Healthy
UOB80872FP,HQBP7BSY,90.01,Cancer_Type_B
ADOTM0EIE1,HQBP7BSY,61.51,Cancer_Type_A
PJ2Q3HJ5KR,HQBP7BSY,4.75,Cancer_Type_B
S2YR0YSB13,HQBP7BSY,29.23,Healthy
9E6AQKE0BQ,HQBP7BSY,20.0,Healthy
BHN1HRQWBL,5JM3LG4U,22.14,Cancer_Type_A
RO907Y9BQY,5JM3LG4U,91.48,Cancer_Type_A
TYTH27KO5M,5JM3LG4U,64.52,Cancer_Type_B
0LIP0B6TUM,5JM3LG4U,93.91,Cancer_Type_B
1RE2OFGVP7,5JM3LG4U,19.16,Cancer_Type_B
HCAKG62FYG,5JM3LG4U,7.75,Healthy
UL7PM3297X,5JM3LG4U,69.54,Cancer_Type_B
QLD7O76TZY,5JM3LG4U,62.14,Cancer_Type_B
PM2XJV62LW,5JM3LG4U,79.35,Cancer_Type_B
OHUU32DP69,5JM3LG4U,79.97,Cancer_Type_B
QX0OIMDST3,5JM3LG4U,5.22,Cancer_Type_A
ZAKDLE5ABH,5JM3LG4U,2.0,Healthy
HDE7IFQ0MU,5JM3LG4U,22.67,Cancer_Type_A
U9U4SRA08T,5JM3LG4U,15.22,Cancer_Type_A
T5SP5FGT9T,5JM3LG4U,60.76,Healthy
0KIZ2Y2OOH,5JM3LG4U,19.46,Cancer_Type_B
SIXYEZ2PQ6,5JM3LG4U,92.36,Cancer_Type_A
CAKUMNLFP8,5JM3LG4U,49.04,Cancer_Type_B
N1VY7Q7WIE,5JM3LG4U,6.64,Cancer_Type_B
5H1BHSXJ83,5JM3LG4U,92.4,Healthy
FXOM4HT1J0,5JM3LG4U,17.07,Cancer_Type_B
8Q1UXUP5F8,5JM3LG4U,67.37,Healthy
HCIQK8DXB9,5JM3LG4U,2.45,Cancer_Type_B
FSZ0AGN2LM,5JM3LG4U,20.59,Cancer_Type_B
MJQTV4AF67,5JM3LG4U,32.39,Cancer_Type_B
2DAGJN2YV6,5JM3LG4U,27.71,Healthy
TLJJKI6XLB,5JM3LG4U,74.58,Healthy
VME7TTSBS5,5JM3LG4U,78.5,Cancer_Type_B
NKSG8UZMRZ,5JM3LG4U,8.51,Cancer_Type_B
YDONMZDPJ8,5JM3LG4U,5.62,Cancer_Type_B
A83P22ZY5W,5JM3LG4U,43.53,Cancer_Type_B
WO5UJTB0ZV,5JM3LG4U,94.63,Cancer_Type_B
4K15PWFKWT,5JM3LG4U,3.07,Cancer_Type_A
4PQ9XXJIPJ,5JM3LG4U,37.95,Cancer_Type_A
LCXY3LMGQ0,5JM3LG4U,38.62,Healthy
U4RKKHLIDI,5JM3LG4U,88.03,Cancer_Type_B
O3I3IYGNEO,5JM3LG4U,49.88,Healthy
0NTOUPY4IB,5JM3LG4U,76.34,Healthy
YTXQ1ZA5HN,5JM3LG4U,20.58,Cancer_Type_B
P3RBX90BOC,5JM3LG4U,46.47,Cancer_Type_A
MF9SBA2J43,5JM3LG4U,4.74,Cancer_Type_A
CP0HGW9YR7,5JM3LG4U,77.82,Healthy
QM6W6NSCRU,5JM3LG4U,30.09,Cancer_Type_B
IY8P1BW203,5JM3LG4U,17.29,Healthy
UM037R1VII,5JM3LG4U,94.3,Healthy
UOB80872FP,5JM3LG4U,28.84,Cancer_Type_B
ADOTM0EIE1,5JM3LG4U,58.1,Cancer_Type_A
PJ2Q3HJ5KR,5JM3LG4U,36.65,Cancer_Type_B
S2YR0YSB13,5JM3LG4U,13.95,Healthy
9E6AQKE0BQ,5JM3LG4U,85.4,Healthy
BHN1HRQWBL,PS18ZTYZ,49.26,Cancer_Type_A
RO907Y9BQY,PS18ZTYZ,84.27,Cancer_Type_A
TYTH27KO5M,PS18ZTYZ,40.58,Cancer_Type_B
0LIP0B6TUM,PS18ZTYZ,4.27,Cancer_Type_B
1RE2OFGVP7,PS18ZTYZ,22.44,Cancer_Type_B
HCAKG62FYG,PS18ZTYZ,82.31,Healthy
UL7PM3297X,PS18ZTYZ,18.43,Cancer_Type_B
QLD7O76TZY,PS18ZTYZ,22.4,Cancer_Type_B
PM2XJV62LW,PS18ZTYZ,29.19,Cancer_Type_B
OHUU32DP69,PS18ZTYZ,94.91,Cancer_Type_B
QX0OIMDST3,PS18ZTYZ,76.68,Cancer_Type_A
ZAKDLE5ABH,PS18ZTYZ,37.63,Healthy
HDE7IFQ0MU,PS18ZTYZ,63.88,Cancer_Type_A
U9U4SRA08T,PS18ZTYZ,13.68,Cancer_Type_A
T5SP5FGT9T,PS18ZTYZ,95.28,Healthy
0KIZ2Y2OOH,PS18ZTYZ,28.12,Cancer_Type_B
SIXYEZ2PQ6,PS18ZTYZ,67.97,Cancer_Type_A
CAKUMNLFP8,PS18ZTYZ,36.15,Cancer_Type_B
N1VY7Q7WIE,PS18ZTYZ,12.63,Cancer_Type_B
5H1BHSXJ83,PS18ZTYZ,45.36,Healthy
FXOM4HT1J0,PS18ZTYZ,81.55,Cancer_Type_B
8Q1UXUP5F8,PS18ZTYZ,43.81,Healthy
HCIQK8DXB9,PS18ZTYZ,49.9,Cancer_Type_B
FSZ0AGN2LM,PS18ZTYZ,95.69,Cancer_Type_B
MJQTV4AF67,PS18ZTYZ,42.32,Cancer_Type_B
2DAGJN2YV6,PS18ZTYZ,6.9,Healthy
TLJJKI6XLB,PS18ZTYZ,93.15,Healthy
VME7TTSBS5,PS18ZTYZ,94.36,Cancer_Type_B
NKSG8UZMRZ,PS18ZTYZ,7.32,Cancer_Type_B
YDONMZDPJ8,PS18ZTYZ,87.07,Cancer_Type_B
A83P22ZY5W,PS18ZTYZ,49.31,Cancer_Type_B
WO5UJTB0ZV,PS18ZTYZ,42.86,Cancer_Type_B
4K15PWFKWT,PS18ZTYZ,2.04,Cancer_Type_A
4PQ9XXJIPJ,PS18ZTYZ,16.15,Cancer_Type_A
LCXY3LMGQ0,PS18ZTYZ,9.86,Healthy
U4RKKHLIDI,PS18ZTYZ,97.85,Cancer_Type_B
O3I3IYGNEO,PS18ZTYZ,17.18,Healthy
0NTOUPY4IB,PS18ZTYZ,41.98,Healthy
YTXQ1ZA5HN,PS18ZTYZ,3.46,Cancer_Type_B
P3RBX90BOC,PS18ZTYZ,1.39,Cancer_Type_A
MF9SBA2J43,PS18ZTYZ,62.64,Cancer_Type_A
CP0HGW9YR7,PS18ZTYZ,65.44,Healthy
QM6W6NSCRU,PS18ZTYZ,57.13,Cancer_Type_B
IY8P1BW203,PS18ZTYZ,68.69,Healthy
UM037R1VII,PS18ZTYZ,83.74,Healthy
UOB80872FP,PS18ZTYZ,45.8,Cancer_Type_B
ADOTM0EIE1,PS18ZTYZ,31.75,Cancer_Type_A
PJ2Q3HJ5KR,PS18ZTYZ,39.1,Cancer_Type_B
S2YR0YSB13,PS18ZTYZ,88.04,Healthy
9E6AQKE0BQ,PS18ZTYZ,55.66,Healthy
BHN1HRQWBL,8LU73U25,59.74,Cancer_Type_A
RO907Y9BQY,8LU73U25,75.85,Cancer_Type_A
TYTH27KO5M,8LU73U25,36.8,Cancer_Type_B
0LIP0B6TUM,8LU73U25,75.16,Cancer_Type_B
1RE2OFGVP7,8LU73U25,23.74,Cancer_Type_B
HCAKG62FYG,8LU73U25,22.46,Healthy
UL7PM3297X,8LU73U25,72.39,Cancer_Type_B
QLD7O76TZY,8LU73U25,81.04,Cancer_Type_B
PM2XJV62LW,8LU73U25,9.78,Cancer_Type_B
OHUU32DP69,8LU73U25,58.11,Cancer_Type_B
QX0OIMDST3,8LU73U25,83.11,Cancer_Type_A
ZAKDLE5ABH,8LU73U25,63.93,Healthy
HDE7IFQ0MU,8LU73U25,52.04,Cancer_Type_A
U9U4SRA08T,8LU73U25,48.41,Cancer_Type_A
T5SP5FGT9T,8LU73U25,68.57,Healthy
0KIZ2Y2OOH,8LU73U25,3.78,Cancer_Type_B
SIXYEZ2PQ6,8LU73U25,60.18,Cancer_Type_A
CAKUMNLFP8,8LU73U25,82.71,Cancer_Type_B
N1VY7Q7WIE,8LU73U25,49.46,Cancer_Type_B
5H1BHSXJ83,8LU73U25,35.99,Healthy
FXOM4HT1J0,8LU73U25,67.11,Cancer_Type_B
8Q1UXUP5F8,8LU73U25,27.13,Healthy
HCIQK8DXB9,8LU73U25,25.96,Cancer_Type_B
FSZ0AGN2LM,8LU73U25,50.84,Cancer_Type_B
MJQTV4AF67,8LU73U25,81.82,Cancer_Type_B
2DAGJN2YV6,8LU73U25,94.69,Healthy
TLJJKI6XLB,8LU73U25,51.25,Healthy
VME7TTSBS5,8LU73U25,57.1,Cancer_Type_B
NKSG8UZMRZ,8LU73U25,63.64,Cancer_Type_B
YDONMZDPJ8,8LU73U25,4.86,Cancer_Type_B
A83P22ZY5W,8LU73U25,29.48,Cancer_Type_B
WO5UJTB0ZV,8LU73U25,91.35,Cancer_Type_B
4K15PWFKWT,8LU73U25,30.37,Cancer_Type_A
4PQ9XXJIPJ,8LU73U25,67.75,Cancer_Type_A
LCXY3LMGQ0,8LU73U25,30.96,Healthy
U4RKKHLIDI,8LU73U25,2.25,Cancer_Type_B
O3I3IYGNEO,8LU73U25,93.44,Healthy
0NTOUPY4IB,8LU73U25,88.97,Healthy
YTXQ1ZA5HN,8LU73U25,24.4,Cancer_Type_B
P3RBX90BOC,8LU73U25,10.32,Cancer_Type_A
MF9SBA2J43,8LU73U25,4.54,Cancer_Type_A
CP0HGW9YR7,8LU73U25,34.35,Healthy
QM6W6NSCRU,8LU73U25,27.81,Cancer_Type_B
IY8P1BW203,8LU73U25,10.4,Healthy
UM037R1VII,8LU73U25,24.79,Healthy
UOB80872FP,8LU73U25,90.5,Cancer_Type_B
ADOTM0EIE1,8LU73U25,73.67,Cancer_Type_A
PJ2Q3HJ5KR,8LU73U25,54.24,Cancer_Type_B
S2YR0YSB13,8LU73U25,39.72,Healthy
9E6AQKE0BQ,8LU73U25,25.94,Healthy
BHN1HRQWBL,IC3VXSIX,72.4,Cancer_Type_A
RO907Y9BQY,IC3VXSIX,41.45,Cancer_Type_A
TYTH27KO5M,IC3VXSIX,22.15,Cancer_Type_B
0LIP0B6TUM,IC3VXSIX,71.34,Cancer_Type_B
1RE2OFGVP7,IC3VXSIX,3.28,Cancer_Type_B
HCAKG62FYG,IC3VXSIX,86.41,Healthy
UL7PM3297X,IC3VXSIX,46.0,Cancer_Type_B
QLD7O76TZY,IC3VXSIX,86.56,Cancer_Type_B
PM2XJV62LW,IC3VXSIX,45.85,Cancer_Type_B
OHUU32DP69,IC3VXSIX,26.08,Cancer_Type_B
QX0OIMDST3,IC3VXSIX,26.08,Cancer_Type_A
ZAKDLE5ABH,IC3VXSIX,55.13,Healthy
HDE7IFQ0MU,IC3VXSIX,68.87,Cancer_Type_A
U9U4SRA08T,IC3VXSIX,36.78,Cancer_Type_A
T5SP5FGT9T,IC3VXSIX,22.87,Healthy
0KIZ2Y2OOH,IC3VXSIX,35.84,Cancer_Type_B
SIXYEZ2PQ6,IC3VXSIX,60.26,Cancer_Type_A
CAKUMNLFP8,IC3VXSIX,31.45,Cancer_Type_B
N1VY7Q7WIE,IC3VXSIX,24.2,Cancer_Type_B
5H1BHSXJ83,IC3VXSIX,39.21,Healthy
FXOM4HT1J0,IC3VXSIX,40.9,Cancer_Type_B
8Q1UXUP5F8,IC3VXSIX,55.32,Healthy
HCIQK8DXB9,IC3VXSIX,47.91,Cancer_Type_B
FSZ0AGN2LM,IC3VXSIX,1.3,Cancer_Type_B
MJQTV4AF67,IC3VXSIX,47.92,Cancer_Type_B
2DAGJN2YV6,IC3VXSIX,2.74,Healthy
TLJJKI6XLB,IC3VXSIX,42.4,Healthy
VME7TTSBS5,IC3VXSIX,56.62,Cancer_Type_B
NKSG8UZMRZ,IC3VXSIX,38.62,Cancer_Type_B
YDONMZDPJ8,IC3VXSIX,24.8,Cancer_Type_B
A83P22ZY5W,IC3VXSIX,41.39,Cancer_Type_B
WO5UJTB0ZV,IC3VXSIX,83.01,Cancer_Type_B
4K15PWFKWT,IC3VXSIX,48.57,Cancer_Type_A
4PQ9XXJIPJ,IC3VXSIX,8.4,Cancer_Type_A
LCXY3LMGQ0,IC3VXSIX,85.48,Healthy
U4RKKHLIDI,IC3VXSIX,75.14,Cancer_Type_B
O3I3IYGNEO,IC3VXSIX,2.47,Healthy
0NTOUPY4IB,IC3VXSIX,90.62,Healthy
YTXQ1ZA5HN,IC3VXSIX,45.68,Cancer_Type_B
P3RBX90BOC,IC3VXSIX,44.15,Cancer_Type_A
MF9SBA2J43,IC3VXSIX,47.67,Cancer_Type_A
CP0HGW9YR7,IC3VXSIX,44.55,Healthy
QM6W6NSCRU,IC3VXSIX,31.23,Cancer_Type_B
IY8P1BW203,IC3VXSIX,59.96,Healthy
UM037R1VII,IC3VXSIX,75.72,Healthy
UOB80872FP,IC3VXSIX,92.71,Cancer_Type_B
ADOTM0EIE1,IC3VXSIX,62.0,Cancer_Type_A
PJ2Q3HJ5KR,IC3VXSIX,9.7,Cancer_Type_B
S2YR0YSB13,IC3VXSIX,82.66,Healthy
9E6AQKE0BQ,IC3VXSIX,86.24,Healthy
BHN1HRQWBL,V7H9N3SK,8.6,Cancer_Type_A
RO907Y9BQY,V7H9N3SK,79.06,Cancer_Type_A
TYTH27KO5M,V7H9N3SK,33.96,Cancer_Type_B
0LIP0B6TUM,V7H9N3SK,69.68,Cancer_Type_B
1RE2OFGVP7,V7H9N3SK,69.37,Cancer_Type_B
HCAKG62FYG,V7H9N3SK,55.08,Healthy
UL7PM3297X,V7H9N3SK,58.8,Cancer_Type_B
QLD7O76TZY,V7H9N3SK,94.45,Cancer_Type_B
PM2XJV62LW,V7H9N3SK,78.79,Cancer_Type_B
OHUU32DP69,V7H9N3SK,42.18,Cancer_Type_B
QX0OIMDST3,V7H9N3SK,8.84,Cancer_Type_A
ZAKDLE5ABH,V7H9N3SK,66.87,Healthy
HDE7IFQ0MU,V7H9N3SK,56.86,Cancer_Type_A
U9U4SRA08T,V7H9N3SK,67.53,Cancer_Type_A
T5SP5FGT9T,V7H9N3SK,55.0,Healthy
0KIZ2Y2OOH,V7H9N3SK,58.1,Cancer_Type_B
SIXYEZ2PQ6,V7H9N3SK,71.2,Cancer_Type_A
CAKUMNLFP8,V7H9N3SK,24.5,Cancer_Type_B
N1VY7Q7WIE,V7H9N3SK,48.73,Cancer_Type_B
5H1BHSXJ83,V7H9N3SK,6.82,Healthy
FXOM4HT1J0,V7H9N3SK,21.65,Cancer_Type_B
8Q1UXUP5F8,V7H9N3SK,47.14,Healthy
HCIQK8DXB9,V7H9N3SK,45.34,Cancer_Type_B
FSZ0AGN2LM,V7H9N3SK,19.57,Cancer_Type_B
MJQTV4AF67,V7H9N3SK,21.53,Cancer_Type_B
2DAGJN2YV6,V7H9N3SK,30.35,Healthy
TLJJKI6XLB,V7H9N3SK,58.97,Healthy
VME7TTSBS5,V7H9N3SK,13.58,Cancer_Type_B
NKSG8UZMRZ,V7H9N3SK,70.81,Cancer_Type_B
YDONMZDPJ8,V7H9N3SK,92.59,Cancer_Type_B
A83P22ZY5W,V7H9N3SK,60.62,Cancer_Type_B
WO5UJTB0ZV,V7H9N3SK,11.3,Cancer_Type_B
4K15PWFKWT,V7H9N3SK,45.81,Cancer_Type_A
4PQ9XXJIPJ,V7H9N3SK,53.7,Cancer_Type_A
LCXY3LMGQ0,V7H9N3SK,76.55,Healthy
U4RKKHLIDI,V7H9N3SK,16.02,Cancer_Type_B
O3I3IYGNEO,V7H9N3SK,66.06,Healthy
0NTOUPY4IB,V7H9N3SK,55.98,Healthy
YTXQ1ZA5HN,V7H9N3SK,26.4,Cancer_Type_B
P3RBX90BOC,V7H9N3SK,75.92,Cancer_Type_A
MF9SBA2J43,V7H9N3SK,70.99,Cancer_Type_A
CP0HGW9YR7,V7H9N3SK,19.16,Healthy
QM6W6NSCRU,V7H9N3SK,73.0,Cancer_Type_B
IY8P1BW203,V7H9N3SK,15.72,Healthy
UM037R1VII,V7H9N3SK,94.73,Healthy
UOB80872FP,V7H9N3SK,2.88,Cancer_Type_B
ADOTM0EIE1,V7H9N3SK,36.6,Cancer_Type_A
PJ2Q3HJ5KR,V7H9N3SK,45.68,Cancer_Type_B
S2YR0YSB13,V7H9N3SK,62.85,Healthy
9E6AQKE0BQ,V7H9N3SK,12.36,Healthy
BHN1HRQWBL,0WM58WA4,94.03,Cancer_Type_A
RO907Y9BQY,0WM58WA4,81.71,Cancer_Type_A
TYTH27KO5M,0WM58WA4,40.91,Cancer_Type_B
0LIP0B6TUM,0WM58WA4,3.23,Cancer_Type_B
1RE2OFGVP7,0WM58WA4,93.07,Cancer_Type_B
HCAKG62FYG,0WM58WA4,11.39,Healthy
UL7PM3297X,0WM58WA4,28.51,Cancer_Type_B
QLD7O76TZY,0WM58WA4,87.6,Cancer_Type_B
PM2XJV62LW,0WM58WA4,54.37,Cancer_Type_B
OHUU32DP69,0WM58WA4,0.94,Cancer_Type_B
QX0OIMDST3,0WM58WA4,84.32,Cancer_Type_A
ZAKDLE5ABH,0WM58WA4,8.87,Healthy
HDE7IFQ0MU,0WM58WA4,89.55,Cancer_Type_A
U9U4SRA08T,0WM58WA4,48.59,Cancer_Type_A
T5SP5FGT9T,0WM58WA4,42.64,Healthy
0KIZ2Y2OOH,0WM58WA4,76.91,Cancer_Type_B
SIXYEZ2PQ6,0WM58WA4,75.45,Cancer_Type_A
CAKUMNLFP8,0WM58WA4,31.27,Cancer_Type_B
N1VY7Q7WIE,0WM58WA4,58.07,Cancer_Type_B
5H1BHSXJ83,0WM58WA4,49.63,Healthy
FXOM4HT1J0,0WM58WA4,43.68,Cancer_Type_B
8Q1UXUP5F8,0WM58WA4,59.39,Healthy
HCIQK8DXB9,0WM58WA4,3.55,Cancer_Type_B
FSZ0AGN2LM,0WM58WA4,89.77,Cancer_Type_B
MJQTV4AF67,0WM58WA4,78.03,Cancer_Type_B
2DAGJN2YV6,0WM58WA4,36.7,Healthy
TLJJKI6XLB,0WM58WA4,1.87,Healthy
VME7TTSBS5,0WM58WA4,59.95,Cancer_Type_B
NKSG8UZMRZ,0WM58WA4,18.46,Cancer_Type_B
YDONMZDPJ8,0WM58WA4,34.18,Cancer_Type_B
A83P22ZY5W,0WM58WA4,85.11,Cancer_Type_B
WO5UJTB0ZV,0WM58WA4,7.01,Cancer_Type_B
4K15PWFKWT,0WM58WA4,46.41,Cancer_Type_A
4PQ9XXJIPJ,0WM58WA4,74.51,Cancer_Type_A
LCXY3LMGQ0,0WM58WA4,23.6,Healthy
U4RKKHLIDI,0WM58WA4,67.19,Cancer_Type_B
O3I3IYGNEO,0WM58WA4,73.96,Healthy
0NTOUPY4IB,0WM58WA4,88.53,Healthy
YTXQ1ZA5HN,0WM58WA4,0.05,Cancer_Type_B
P3RBX90BOC,0WM58WA4,22.15,Cancer_Type_A
MF9SBA2J43,0WM58WA4,40.13,Cancer_Type_A
CP0HGW9YR7,0WM58WA4,3.41,Healthy
QM6W6NSCRU,0WM58WA4,0.04,Cancer_Type_B
IY8P1BW203,0WM58WA4,8.43,Healthy
UM037R1VII,0WM58WA4,85.97,Healthy
UOB80872FP,0WM58WA4,15.02,Cancer_Type_B
ADOTM0EIE1,0WM58WA4,23.96,Cancer_Type_A
PJ2Q3HJ5KR,0WM58WA4,13.23,Cancer_Type_B
S2YR0YSB13,0WM58WA4,39.74,Healthy
9E6AQKE0BQ,0WM58WA4,90.09,Healthy
BHN1HRQWBL,Q62ZKGZ2,14.37,Cancer_Type_A
RO907Y9BQY,Q62ZKGZ2,79.82,Cancer_Type_A
TYTH27KO5M,Q62ZKGZ2,98.38,Cancer_Type_B
0LIP0B6TUM,Q62ZKGZ2,89.34,Cancer_Type_B
1RE2OFGVP7,Q62ZKGZ2,84.31,Cancer_Type_B
HCAKG62FYG,Q62ZKGZ2,50.39,Healthy
UL7PM3297X,Q62ZKGZ2,3.0,Cancer_Type_B
QLD7O76TZY,Q62ZKGZ2,30.31,Cancer_Type_B
PM2XJV62LW,Q62ZKGZ2,72.5,Cancer_Type_B
OHUU32DP69,Q62ZKGZ2,35.47,Cancer_Type_B
QX0OIMDST3,Q62ZKGZ2,71.16,Cancer_Type_A
ZAKDLE5ABH,Q62ZKGZ2,58.75,Healthy
HDE7IFQ0MU,Q62ZKGZ2,52.97,Cancer_Type_A
U9U4SRA08T,Q62ZKGZ2,56.21,Cancer_Type_A
T5SP5FGT9T,Q62ZKGZ2,51.12,Healthy
0KIZ2Y2OOH,Q62ZKGZ2,52.5,Cancer_Type_B
SIXYEZ2PQ6,Q62ZKGZ2,79.49,Cancer_Type_A
CAKUMNLFP8,Q62ZKGZ2,39.02,Cancer_Type_B
N1VY7Q7WIE,Q62ZKGZ2,74.18,Cancer_Type_B
5H1BHSXJ83,Q62ZKGZ2,89.76,Healthy
FXOM4HT1J0,Q62ZKGZ2,96.71,Cancer_Type_B
8Q1UXUP5F8,Q62ZKGZ2,97.04,Healthy
HCIQK8DXB9,Q62ZKGZ2,13.43,Cancer_Type_B
FSZ0AGN2LM,Q62ZKGZ2,45.13,Cancer_Type_B
MJQTV4AF67,Q62ZKGZ2,26.74,Cancer_Type_B
2DAGJN2YV6,Q62ZKGZ2,29.32,Healthy
TLJJKI6XLB,Q62ZKGZ2,34.3,Healthy
VME7TTSBS5,Q62ZKGZ2,37.76,Cancer_Type_B
NKSG8UZMRZ,Q62ZKGZ2,72.66,Cancer_Type_B
YDONMZDPJ8,Q62ZKGZ2,56.59,Cancer_Type_B
A83P22ZY5W,Q62ZKGZ2,84.77,Cancer_Type_B
WO5UJTB0ZV,Q62ZKGZ2,56.98,Cancer_Type_B
4K15PWFKWT,Q62ZKGZ2,32.12,Cancer_Type_A
4PQ9XXJIPJ,Q62ZKGZ2,94.55,Cancer_Type_A
LCXY3LMGQ0,Q62ZKGZ2,67.03,Healthy
U4RKKHLIDI,Q62ZKGZ2,94.9,Cancer_Type_B
O3I3IYGNEO,Q62ZKGZ2,42.75,Healthy
0NTOUPY4IB,Q62ZKGZ2,75.93,Healthy
YTXQ1ZA5HN,Q62ZKGZ2,23.37,Cancer_Type_B
P3RBX90BOC,Q62ZKGZ2,83.56,Cancer_Type_A
MF9SBA2J43,Q62ZKGZ2,59.75,Cancer_Type_A
CP0HGW9YR7,Q62ZKGZ2,70.64,Healthy
QM6W6NSCRU,Q62ZKGZ2,94.71,Cancer_Type_B
IY8P1BW203,Q62ZKGZ2,44.27,Healthy
UM037R1VII,Q62ZKGZ2,26.0,Healthy
UOB80872FP,Q62ZKGZ2,98.24,Cancer_Type_B
ADOTM0EIE1,Q62ZKGZ2,44.51,Cancer_Type_A
PJ2Q3HJ5KR,Q62ZKGZ2,86.87,Cancer_Type_B
S2YR0YSB13,Q62ZKGZ2,44.39,Healthy
9E6AQKE0BQ,Q62ZKGZ2,69.53,Healthy
BHN1HRQWBL,CH03TRNA,14.83,Cancer_Type_A
RO907Y9BQY,CH03TRNA,36.2,Cancer_Type_A
TYTH27KO5M,CH03TRNA,8.8,Cancer_Type_B
0LIP0B6TUM,CH03TRNA,39.87,Cancer_Type_B
1RE2OFGVP7,CH03TRNA,36.77,Cancer_Type_B
HCAKG62FYG,CH03TRNA,10.04,Healthy
UL7PM3297X,CH03TRNA,26.25,Cancer_Type_B
QLD7O76TZY,CH03TRNA,23.51,Cancer_Type_B
PM2XJV62LW,CH03TRNA,67.99,Cancer_Type_B
OHUU32DP69,CH03TRNA,61.95,Cancer_Type_B
QX0OIMDST3,CH03TRNA,35.29,Cancer_Type_A
ZAKDLE5ABH,CH03TRNA,23.93,Healthy
HDE7IFQ0MU,CH03TRNA,81.54,Cancer_Type_A
U9U4SRA08T,CH03TRNA,9.21,Cancer_Type_A
T5SP5FGT9T,CH03TRNA,36.17,Healthy
0KIZ2Y2OOH,CH03TRNA,82.28,Cancer_Type_B
SIXYEZ2PQ6,CH03TRNA,73.99,Cancer_Type_A
CAKUMNLFP8,CH03TRNA,37.45,Cancer_Type_B
N1VY7Q7WIE,CH03TRNA,93.03,Cancer_Type_B
5H1BHSXJ83,CH03TRNA,32.95,Healthy
FXOM4HT1J0,CH03TRNA,68.71,Cancer_Type_B
8Q1UXUP5F8,CH03TRNA,25.75,Healthy
HCIQK8DXB9,CH03TRNA,16.01,Cancer_Type_B
FSZ0AGN2LM,CH03TRNA,45.17,Cancer_Type_B
MJQTV4AF67,CH03TRNA,20.05,Cancer_Type_B
2DAGJN2YV6,CH03TRNA,28.09,Healthy
TLJJKI6XLB,CH03TRNA,75.49,Healthy
VME7TTSBS5,CH03TRNA,36.79,Cancer_Type_B
NKSG8UZMRZ,CH03TRNA,51.61,Cancer_Type_B
YDONMZDPJ8,CH03TRNA,63.11,Cancer_Type_B
A83P22ZY5W,CH03TRNA,67.22,Cancer_Type_B
WO5UJTB0ZV,CH03TRNA,45.27,Cancer_Type_B
4K15PWFKWT,CH03TRNA,77.4,Cancer_Type_A
4PQ9XXJIPJ,CH03TRNA,34.61,Cancer_Type_A
LCXY3LMGQ0,CH03TRNA,58.51,Healthy
U4RKKHLIDI,CH03TRNA,92.62,Cancer_Type_B
O3I3IYGNEO,CH03TRNA,3.58,Healthy
0NTOUPY4IB,CH03TRNA,72.95,Healthy
YTXQ1ZA5HN,CH03TRNA,52.09,Cancer_Type_B
P3RBX90BOC,CH03TRNA,50.19,Cancer_Type_A
MF9SBA2J43,CH03TRNA,37.85,Cancer_Type_A
CP0HGW9YR7,CH03TRNA,79.82,Healthy
QM6W6NSCRU,CH03TRNA,63.6,Cancer_Type_B
IY8P1BW203,CH03TRNA,68.58,Healthy
UM037R1VII,CH03TRNA,26.23,Healthy
UOB80872FP,CH03TRNA,22.42,Cancer_Type_B
ADOTM0EIE1,CH03TRNA,55.8,Cancer_Type_A
PJ2Q3HJ5KR,CH03TRNA,87.22,Cancer_Type_B
S2YR0YSB13,CH03TRNA,5.13,Healthy
9E6AQKE0BQ,CH03TRNA,32.33,Healthy
BHN1HRQWBL,MHC8MCE9,49.21,Cancer_Type_A
RO907Y9BQY,MHC8MCE9,96.85,Cancer_Type_A
TYTH27KO5M,MHC8MCE9,83.86,Cancer_Type_B
0LIP0B6TUM,MHC8MCE9,43.41,Cancer_Type_B
1RE2OFGVP7,MHC8MCE9,43.22,Cancer_Type_B
HCAKG62FYG,MHC8MCE9,51.46,Healthy
UL7PM3297X,MHC8MCE9,93.05,Cancer_Type_B
QLD7O76TZY,MHC8MCE9,1.98,Cancer_Type_B
PM2XJV62LW,MHC8MCE9,71.95,Cancer_Type_B
OHUU32DP69,MHC8MCE9,31.25,Cancer_Type_B
QX0OIMDST3,MHC8MCE9,79.81,Cancer_Type_A
ZAKDLE5ABH,MHC8MCE9,59.73,Healthy
HDE7IFQ0MU,MHC8MCE9,8.06,Cancer_Type_A
U9U4SRA08T,MHC8MCE9,48.64,Cancer_Type_A
T5SP5FGT9T,MHC8MCE9,25.37,Healthy
0KIZ2Y2OOH,MHC8MCE9,50.6,Cancer_Type_B
SIXYEZ2PQ6,MHC8MCE9,65.38,Cancer_Type_A
CAKUMNLFP8,MHC8MCE9,55.73,Cancer_Type_B
N1VY7Q7WIE,MHC8MCE9,40.15,Cancer_Type_B
5H1BHSXJ83,MHC8MCE9,88.88,Healthy
FXOM4HT1J0,MHC8MCE9,81.02,Cancer_Type_B
8Q1UXUP5F8,MHC8MCE9,75.74,Healthy
HCIQK8DXB9,MHC8MCE9,97.07,Cancer_Type_B
FSZ0AGN2LM,MHC8MCE9,62.99,Cancer_Type_B
MJQTV4AF67,MHC8MCE9,58.95,Cancer_Type_B
2DAGJN2YV6,MHC8MCE9,12.24,Healthy
TLJJKI6XLB,MHC8MCE9,80.92,Healthy
VME7TTSBS5,MHC8MCE9,43.88,Cancer_Type_B
NKSG8UZMRZ,MHC8MCE9,28.16,Cancer_Type_B
YDONMZDPJ8,MHC8MCE9,91.64,Cancer_Type_B
A83P22ZY5W,MHC8MCE9,24.56,Cancer_Type_B
WO5UJTB0ZV,MHC8MCE9,37.58,Cancer_Type_B
4K15PWFKWT,MHC8MCE9,79.85,Cancer_Type_A
4PQ9XXJIPJ,MHC8MCE9,3.36,Cancer_Type_A
LCXY3LMGQ0,MHC8MCE9,31.86,Healthy
U4RKKHLIDI,MHC8MCE9,69.91,Cancer_Type_B
O3I3IYGNEO,MHC8MCE9,58.39,Healthy
0NTOUPY4IB,MHC8MCE9,87.9,Healthy
YTXQ1ZA5HN,MHC8MCE9,87.48,Cancer_Type_B
P3RBX90BOC,MHC8MCE9,53.55,Cancer_Type_A
MF9SBA2J43,MHC8MCE9,62.99,Cancer_Type_A
CP0HGW9YR7,MHC8MCE9,55.19,Healthy
QM6W6NSCRU,MHC8MCE9,78.44,Cancer_Type_B
IY8P1BW203,MHC8MCE9,8.45,Healthy
UM037R1VII,MHC8MCE9,52.15,Healthy
UOB80872FP,MHC8MCE9,28.33,Cancer_Type_B
ADOTM0EIE1,MHC8MCE9,56.97,Cancer_Type_A
PJ2Q3HJ5KR,MHC8MCE9,27.75,Cancer_Type_B
S2YR0YSB13,MHC8MCE9,12.41,Healthy
9E6AQKE0BQ,MHC8MCE9,89.27,Healthy
BHN1HRQWBL,3GYTI1EW,3.23,Cancer_Type_A
RO907Y9BQY,3GYTI1EW,50.33,Cancer_Type_A
TYTH27KO5M,3GYTI1EW,23.2,Cancer_Type_B
0LIP0B6TUM,3GYTI1EW,25.97,Cancer_Type_B
1RE2OFGVP7,3GYTI1EW,86.82,Cancer_Type_B
HCAKG62FYG,3GYTI1EW,77.59,Healthy
UL7PM3297X,3GYTI1EW,8.36,Cancer_Type_B
QLD7O76TZY,3GYTI1EW,28.23,Cancer_Type_B
PM2XJV62LW,3GYTI1EW,9.42,Cancer_Type_B
OHUU32DP69,3GYTI1EW,17.89,Cancer_Type_B
QX0OIMDST3,3GYTI1EW,1.8,Cancer_Type_A
ZAKDLE5ABH,3GYTI1EW,22.8,Healthy
HDE7IFQ0MU,3GYTI1EW,79.28,Cancer_Type_A
U9U4SRA08T,3GYTI1EW,33.25,Cancer_Type_A
T5SP5FGT9T,3GYTI1EW,97.74,Healthy
0KIZ2Y2OOH,3GYTI1EW,25.13,Cancer_Type_B
SIXYEZ2PQ6,3GYTI1EW,74.61,Cancer_Type_A
CAKUMNLFP8,3GYTI1EW,2.43,Cancer_Type_B
N1VY7Q7WIE,3GYTI1EW,43.74,Cancer_Type_B
5H1BHSXJ83,3GYTI1EW,2.83,Healthy
FXOM4HT1J0,3GYTI1EW,96.68,Cancer_Type_B
8Q1UXUP5F8,3GYTI1EW,37.67,Healthy
HCIQK8DXB9,3GYTI1EW,5.87,Cancer_Type_B
FSZ0AGN2LM,3GYTI1EW,18.12,Cancer_Type_B
MJQTV4AF67,3GYTI1EW,3.05,Cancer_Type_B
2DAGJN2YV6,3GYTI1EW,37.57,Healthy
TLJJKI6XLB,3GYTI1EW,34.96,Healthy
VME7TTSBS5,3GYTI1EW,38.82,Cancer_Type_B
NKSG8UZMRZ,3GYTI1EW,43.65,Cancer_Type_B
YDONMZDPJ8,3GYTI1EW,40.46,Cancer_Type_B
A83P22ZY5W,3GYTI1EW,26.64,Cancer_Type_B
WO5UJTB0ZV,3GYTI1EW,2.01,Cancer_Type_B
4K15PWFKWT,3GYTI1EW,77.6,Cancer_Type_A
4PQ9XXJIPJ,3GYTI1EW,4.82,Cancer_Type_A
LCXY3LMGQ0,3GYTI1EW,67.2,Healthy
U4RKKHLIDI,3GYTI1EW,45.7,Cancer_Type_B
O3I3IYGNEO,3GYTI1EW,71.12,Healthy
0NTOUPY4IB,3GYTI1EW,67.78,Healthy
YTXQ1ZA5HN,3GYTI1EW,31.8,Cancer_Type_B
P3RBX90BOC,3GYTI1EW,5.78,Cancer_Type_A
MF9SBA2J43,3GYTI1EW,72.71,Cancer_Type_A
CP0HGW9YR7,3GYTI1EW,96.31,Healthy
QM6W6NSCRU,3GYTI1EW,40.76,Cancer_Type_B
IY8P1BW203,3GYTI1EW,6.63,Healthy
UM037R1VII,3GYTI1EW,27.96,Healthy
UOB80872FP,3GYTI1EW,61.24,Cancer_Type_B
ADOTM0EIE1,3GYTI1EW,79.62,Cancer_Type_A
PJ2Q3HJ5KR,3GYTI1EW,97.09,Cancer_Type_B
S2YR0YSB13,3GYTI1EW,60.22,Healthy
9E6AQKE0BQ,3GYTI1EW,32.34,Healthy
BHN1HRQWBL,0VU1XJXD,7.2,Cancer_Type_A
RO907Y9BQY,0VU1XJXD,68.18,Cancer_Type_A
TYTH27KO5M,0VU1XJXD,74.54,Cancer_Type_B
0LIP0B6TUM,0VU1XJXD,45.12,Cancer_Type_B
1RE2OFGVP7,0VU1XJXD,94.39,Cancer_Type_B
HCAKG62FYG,0VU1XJXD,33.36,Healthy
UL7PM3297X,0VU1XJXD,84.47,Cancer_Type_B
QLD7O76TZY,0VU1XJXD,35.39,Cancer_Type_B
PM2XJV62LW,0VU1XJXD,49.12,Cancer_Type_B
OHUU32DP69,0VU1XJXD,97.78,Cancer_Type_B
QX0OIMDST3,0VU1XJXD,46.4,Cancer_Type_A
ZAKDLE5ABH,0VU1XJXD,29.21,Healthy
HDE7IFQ0MU,0VU1XJXD,50.47,Cancer_Type_A
U9U4SRA08T,0VU1XJXD,54.77,Cancer_Type_A
T5SP5FGT9T,0VU1XJXD,74.09,Healthy
0KIZ2Y2OOH,0VU1XJXD,56.76,Cancer_Type_B
SIXYEZ2PQ6,0VU1XJXD,21.27,Cancer_Type_A
CAKUMNLFP8,0VU1XJXD,3.77,Cancer_Type_B
N1VY7Q7WIE,0VU1XJXD,17.39,Cancer_Type_B
5H1BHSXJ83,0VU1XJXD,98.09,Healthy
FXOM4HT1J0,0VU1XJXD,45.84,Cancer_Type_B
8Q1UXUP5F8,0VU1XJXD,59.21,Healthy
HCIQK8DXB9,0VU1XJXD,59.09,Cancer_Type_B
FSZ0AGN2LM,0VU1XJXD,74.98,Cancer_Type_B
MJQTV4AF67,0VU1XJXD,20.96,Cancer_Type_B
2DAGJN2YV6,0VU1XJXD,65.34,Healthy
TLJJKI6XLB,0VU1XJXD,35.59,Healthy
VME7TTSBS5,0VU1XJXD,40.22,Cancer_Type_B
NKSG8UZMRZ,0VU1XJXD,0.31,Cancer_Type_B
YDONMZDPJ8,0VU1XJXD,32.97,Cancer_Type_B
A83P22ZY5W,0VU1XJXD,90.12,Cancer_Type_B
WO5UJTB0ZV,0VU1XJXD,17.14,Cancer_Type_B
4K15PWFKWT,0VU1XJXD,10.86,Cancer_Type_A
4PQ9XXJIPJ,0VU1XJXD,84.28,Cancer_Type_A
LCXY3LMGQ0,0VU1XJXD,50.14,Healthy
U4RKKHLIDI,0VU1XJXD,49.46,Cancer_Type_B
O3I3IYGNEO,0VU1XJXD,67.71,Healthy
0NTOUPY4IB,0VU1XJXD,62.1,Healthy
YTXQ1ZA5HN,0VU1XJXD,23.62,Cancer_Type_B
P3RBX90BOC,0VU1XJXD,83.72,Cancer_Type_A
MF9SBA2J43,0VU1XJXD,99.78,Cancer_Type_A
CP0HGW9YR7,0VU1XJXD,34.46,Healthy
QM6W6NSCRU,0VU1XJXD,10.35,Cancer_Type_B
IY8P1BW203,0VU1XJXD,92.09,Healthy
UM037R1VII,0VU1XJXD,55.72,Healthy
UOB80872FP,0VU1XJXD,26.35,Cancer_Type_B
ADOTM0EIE1,0VU1XJXD,56.06,Cancer_Type_A
PJ2Q3HJ5KR,0VU1XJXD,16.32,Cancer_Type_B
S2YR0YSB13,0VU1XJXD,7.13,Healthy
9E6AQKE0BQ,0VU1XJXD,71.12,Healthy
BHN1HRQWBL,YE8NOEL2,47.94,Cancer_Type_A
RO907Y9BQY,YE8NOEL2,72.34,Cancer_Type_A
TYTH27KO5M,YE8NOEL2,12.49,Cancer_Type_B
0LIP0B6TUM,YE8NOEL2,81.85,Cancer_Type_B
1RE2OFGVP7,YE8NOEL2,36.19,Cancer_Type_B
HCAKG62FYG,YE8NOEL2,0.45,Healthy
UL7PM3297X,YE8NOEL2,97.74,Cancer_Type_B
QLD7O76TZY,YE8NOEL2,65.36,Cancer_Type_B
PM2XJV62LW,YE8NOEL2,16.35,Cancer_Type_B
OHUU32DP69,YE8NOEL2,19.79,Cancer_Type_B
QX0OIMDST3,YE8NOEL2,60.28,Cancer_Type_A
ZAKDLE5ABH,YE8NOEL2,40.0,Healthy
HDE7IFQ0MU,YE8NOEL2,98.58,Cancer_Type_A
U9U4SRA08T,YE8NOEL2,56.3,Cancer_Type_A
T5SP5FGT9T,YE8NOEL2,67.75,Healthy
0KIZ2Y2OOH,YE8NOEL2,47.22,Cancer_Type_B
SIXYEZ2PQ6,YE8NOEL2,61.52,Cancer_Type_A
CAKUMNLFP8,YE8NOEL2,39.01,Cancer_Type_B
N1VY7Q7WIE,YE8NOEL2,52.95,Cancer_Type_B
5H1BHSXJ83,YE8NOEL2,70.94,Healthy
FXOM4HT1J0,YE8NOEL2,18.13,Cancer_Type_B
8Q1UXUP5F8,YE8NOEL2,4.01,Healthy
HCIQK8DXB9,YE8NOEL2,6.79,Cancer_Type_B
FSZ0AGN2LM,YE8NOEL2,40.19,Cancer_Type_B
MJQTV4AF67,YE8NOEL2,82.14,Cancer_Type_B
2DAGJN2YV6,YE8NOEL2,33.49,Healthy
TLJJKI6XLB,YE8NOEL2,63.2,Healthy
VME7TTSBS5,YE8NOEL2,98.01,Cancer_Type_B
NKSG8UZMRZ,YE8NOEL2,43.82,Cancer_Type_B
YDONMZDPJ8,YE8NOEL2,24.88,Cancer_Type_B
A83P22ZY5W,YE8NOEL2,65.42,Cancer_Type_B
WO5UJTB0ZV,YE8NOEL2,51.69,Cancer_Type_B
4K15PWFKWT,YE8NOEL2,24.59,Cancer_Type_A
4PQ9XXJIPJ,YE8NOEL2,88.52,Cancer_Type_A
LCXY3LMGQ0,YE8NOEL2,21.48,Healthy
U4RKKHLIDI,YE8NOEL2,98.69,Cancer_Type_B
O3I3IYGNEO,YE8NOEL2,48.11,Healthy
0NTOUPY4IB,YE8NOEL2,29.65,Healthy
YTXQ1ZA5HN,YE8NOEL2,62.07,Cancer_Type_B
P3RBX90BOC,YE8NOEL2,70.39,Cancer_Type_A
MF9SBA2J43,YE8NOEL2,17.55,Cancer_Type_A
CP0HGW9YR7,YE8NOEL2,47.86,Healthy
QM6W6NSCRU,YE8NOEL2,36.89,Cancer_Type_B
IY8P1BW203,YE8NOEL2,47.65,Healthy
UM037R1VII,YE8NOEL2,48.51,Healthy
UOB80872FP,YE8NOEL2,65.75,Cancer_Type_B
ADOTM0EIE1,YE8NOEL2,51.54,Cancer_Type_A
PJ2Q3HJ5KR,YE8NOEL2,85.62,Cancer_Type_B
S2YR0YSB13,YE8NOEL2,53.19,Healthy
9E6AQKE0BQ,YE8NOEL2,36.9,Healthy
BHN1HRQWBL,BZBCLDS1,34.34,Cancer_Type_A
RO907Y9BQY,BZBCLDS1,48.2,Cancer_Type_A
TYTH27KO5M,BZBCLDS1,90.77,Cancer_Type_B
0LIP0B6TUM,BZBCLDS1,1.15,Cancer_Type_B
1RE2OFGVP7,BZBCLDS1,5.84,Cancer_Type_B
HCAKG62FYG,BZBCLDS1,4.69,Healthy
UL7PM3297X,BZBCLDS1,23.17,Cancer_Type_B
QLD7O76TZY,BZBCLDS1,13.83,Cancer_Type_B
PM2XJV62LW,BZBCLDS1,66.84,Cancer_Type_B
OHUU32DP69,BZBCLDS1,52.81,Cancer_Type_B
QX0OIMDST3,BZBCLDS1,9.63,Cancer_Type_A
ZAKDLE5ABH,BZBCLDS1,65.5,Healthy
HDE7IFQ0MU,BZBCLDS1,0.22,Cancer_Type_A
U9U4SRA08T,BZBCLDS1,19.75,Cancer_Type_A
T5SP5FGT9T,BZBCLDS1,8.09,Healthy
0KIZ2Y2OOH,BZBCLDS1,75.83,Cancer_Type_B
SIXYEZ2PQ6,BZBCLDS1,76.09,Cancer_Type_A
CAKUMNLFP8,BZBCLDS1,76.3,Cancer_Type_B
N1VY7Q7WIE,BZBCLDS1,35.85,Cancer_Type_B
5H1BHSXJ83,BZBCLDS1,77.88,Healthy
FXOM4HT1J0,BZBCLDS1,83.66,Cancer_Type_B
8Q1UXUP5F8,BZBCLDS1,60.04,Healthy
HCIQK8DXB9,BZBCLDS1,9.24,Cancer_Type_B
FSZ0AGN2LM,BZBCLDS1,71.03,Cancer_Type_B
MJQTV4AF67,BZBCLDS1,3.7,Cancer_Type_B
2DAGJN2YV6,BZBCLDS1,97.8,Healthy
TLJJKI6XLB,BZBCLDS1,61.38,Healthy
VME7TTSBS5,BZBCLDS1,47.04,Cancer_Type_B
NKSG8UZMRZ,BZBCLDS1,14.91,Cancer_Type_B
YDONMZDPJ8,BZBCLDS1,16.65,Cancer_Type_B
A83P22ZY5W,BZBCLDS1,67.3,Cancer_Type_B
WO5UJTB0ZV,BZBCLDS1,7.94,Cancer_Type_B
4K15PWFKWT,BZBCLDS1,33.43,Cancer_Type_A
4PQ9XXJIPJ,BZBCLDS1,50.61,Cancer_Type_A
LCXY3LMGQ0,BZBCLDS1,26.77,Healthy
U4RKKHLIDI,BZBCLDS1,19.69,Cancer_Type_B
O3I3IYGNEO,BZBCLDS1,73.94,Healthy
0NTOUPY4IB,BZBCLDS1,22.21,Healthy
YTXQ1ZA5HN,BZBCLDS1,68.6,Cancer_Type_B
P3RBX90BOC,BZBCLDS1,24.06,Cancer_Type_A
MF9SBA2J43,BZBCLDS1,73.91,Cancer_Type_A
CP0HGW9YR7,BZBCLDS1,95.15,Healthy
QM6W6NSCRU,BZBCLDS1,70.93,Cancer_Type_B
IY8P1BW203,BZBCLDS1,69.28,Healthy
UM037R1VII,BZBCLDS1,8.02,Healthy
UOB80872FP,BZBCLDS1,51.47,Cancer_Type_B
ADOTM0EIE1,BZBCLDS1,82.41,Cancer_Type_A
PJ2Q3HJ5KR,BZBCLDS1,13.71,Cancer_Type_B
S2YR0YSB13,BZBCLDS1,78.08,Healthy
9E6AQKE0BQ,BZBCLDS1,40.96,Healthy
BHN1HRQWBL,ZVLAR3EB,33.15,Cancer_Type_A
RO907Y9BQY,ZVLAR3EB,8.75,Cancer_Type_A
TYTH27KO5M,ZVLAR3EB,37.19,Cancer_Type_B
0LIP0B6TUM,ZVLAR3EB,41.87,Cancer_Type_B
1RE2OFGVP7,ZVLAR3EB,79.24,Cancer_Type_B
HCAKG62FYG,ZVLAR3EB,53.5,Healthy
UL7PM3297X,ZVLAR3EB,77.57,Cancer_Type_B
QLD7O76TZY,ZVLAR3EB,99.46,Cancer_Type_B
PM2XJV62LW,ZVLAR3EB,30.07,Cancer_Type_B
OHUU32DP69,ZVLAR3EB,41.45,Cancer_Type_B
QX0OIMDST3,ZVLAR3EB,8.26,Cancer_Type_A
ZAKDLE5ABH,ZVLAR3EB,18.69,Healthy
HDE7IFQ0MU,ZVLAR3EB,91.74,Cancer_Type_A
U9U4SRA08T,ZVLAR3EB,81.29,Cancer_Type_A
T5SP5FGT9T,ZVLAR3EB,74.1,Healthy
0KIZ2Y2OOH,ZVLAR3EB,89.01,Cancer_Type_B
SIXYEZ2PQ6,ZVLAR3EB,71.42,Cancer_Type_A
CAKUMNLFP8,ZVLAR3EB,35.48,Cancer_Type_B
N1VY7Q7WIE,ZVLAR3EB,74.58,Cancer_Type_B
5H1BHSXJ83,ZVLAR3EB,44.28,Healthy
FXOM4HT1J0,ZVLAR3EB,37.48,Cancer_Type_B
8Q1UXUP5F8,ZVLAR3EB,27.33,Healthy
HCIQK8DXB9,ZVLAR3EB,82.66,Cancer_Type_B
FSZ0AGN2LM,ZVLAR3EB,81.59,Cancer_Type_B
MJQTV4AF67,ZVLAR3EB,32.74,Cancer_Type_B
2DAGJN2YV6,ZVLAR3EB,53.79,Healthy
TLJJKI6XLB,ZVLAR3EB,70.32,Healthy
VME7TTSBS5,ZVLAR3EB,21.65,Cancer_Type_B
NKSG8UZMRZ,ZVLAR3EB,41.28,Cancer_Type_B
YDONMZDPJ8,ZVLAR3EB,39.7,Cancer_Type_B
A83P22ZY5W,ZVLAR3EB,45.67,Cancer_Type_B
WO5UJTB0ZV,ZVLAR3EB,11.14,Cancer_Type_B
4K15PWFKWT,ZVLAR3EB,26.88,Cancer_Type_A
4PQ9XXJIPJ,ZVLAR3EB,81.08,Cancer_Type_A
LCXY3LMGQ0,ZVLAR3EB,4.64,Healthy
U4RKKHLIDI,ZVLAR3EB,45.06,Cancer_Type_B
O3I3IYGNEO,ZVLAR3EB,81.14,Healthy
0NTOUPY4IB,ZVLAR3EB,97.21,Healthy
YTXQ1ZA5HN,ZVLAR3EB,33.42,Cancer_Type_B
P3RBX90BOC,ZVLAR3EB,80.2,Cancer_Type_A
MF9SBA2J43,ZVLAR3EB,44.59,Cancer_Type_A
CP0HGW9YR7,ZVLAR3EB,62.93,Healthy
QM6W6NSCRU,ZVLAR3EB,34.84,Cancer_Type_B
IY8P1BW203,ZVLAR3EB,29.08,Healthy
UM037R1VII,ZVLAR3EB,30.89,Healthy
UOB80872FP,ZVLAR3EB,40.07,Cancer_Type_B
ADOTM0EIE1,ZVLAR3EB,21.2,Cancer_Type_A
PJ2Q3HJ5KR,ZVLAR3EB,92.6,Cancer_Type_B
S2YR0YSB13,ZVLAR3EB,19.78,Healthy
9E6AQKE0BQ,ZVLAR3EB,72.3,Healthy
BHN1HRQWBL,PXLXS0FD,12.2,Cancer_Type_A
RO907Y9BQY,PXLXS0FD,98.1,Cancer_Type_A
TYTH27KO5M,PXLXS0FD,36.86,Cancer_Type_B
0LIP0B6TUM,PXLXS0FD,59.73,Cancer_Type_B
1RE2OFGVP7,PXLXS0FD,1.45,Cancer_Type_B
HCAKG62FYG,PXLXS0FD,25.3,Healthy
UL7PM3297X,PXLXS0FD,29.39,Cancer_Type_B
QLD7O76TZY,PXLXS0FD,96.61,Cancer_Type_B
PM2XJV62LW,PXLXS0FD,94.97,Cancer_Type_B
OHUU32DP69,PXLXS0FD,25.78,Cancer_Type_B
QX0OIMDST3,PXLXS0FD,3.76,Cancer_Type_A
ZAKDLE5ABH,PXLXS0FD,94.47,Healthy
HDE7IFQ0MU,PXLXS0FD,35.33,Cancer_Type_A
U9U4SRA08T,PXLXS0FD,54.66,Cancer_Type_A
T5SP5FGT9T,PXLXS0FD,13.4,Healthy
0KIZ2Y2OOH,PXLXS0FD,50.39,Cancer_Type_B
SIXYEZ2PQ6,PXLXS0FD,54.97,Cancer_Type_A
CAKUMNLFP8,PXLXS0FD,56.32,Cancer_Type_B
N1VY7Q7WIE,PXLXS0FD,46.87,Cancer_Type_B
5H1BHSXJ83,PXLXS0FD,9.51,Healthy
FXOM4HT1J0,PXLXS0FD,60.14,Cancer_Type_B
8Q1UXUP5F8,PXLXS0FD,65.71,Healthy
HCIQK8DXB9,PXLXS0FD,49.85,Cancer_Type_B
FSZ0AGN2LM,PXLXS0FD,32.1,Cancer_Type_B
MJQTV4AF67,PXLXS0FD,30.2,Cancer_Type_B
2DAGJN2YV6,PXLXS0FD,81.93,Healthy
TLJJKI6XLB,PXLXS0FD,22.5,Healthy
VME7TTSBS5,PXLXS0FD,89.82,Cancer_Type_B
NKSG8UZMRZ,PXLXS0FD,57.33,Cancer_Type_B
YDONMZDPJ8,PXLXS0FD,17.78,Cancer_Type_B
A83P22ZY5W,PXLXS0FD,33.93,Cancer_Type_B
WO5UJTB0ZV,PXLXS0FD,24.94,Cancer_Type_B
4K15PWFKWT,PXLXS0FD,91.26,Cancer_Type_A
4PQ9XXJIPJ,PXLXS0FD,13.77,Cancer_Type_A
LCXY3LMGQ0,PXLXS0FD,59.64,Healthy
U4RKKHLIDI,PXLXS0FD,70.33,Cancer_Type_B
O3I3IYGNEO,PXLXS0FD,12.36,Healthy
0NTOUPY4IB,PXLXS0FD,10.41,Healthy
YTXQ1ZA5HN,PXLXS0FD,31.07,Cancer_Type_B
P3RBX90BOC,PXLXS0FD,41.17,Cancer_Type_A
MF9SBA2J43,PXLXS0FD,76.68,Cancer_Type_A
CP0HGW9YR7,PXLXS0FD,95.71,Healthy
QM6W6NSCRU,PXLXS0FD,72.02,Cancer_Type_B
IY8P1BW203,PXLXS0FD,20.43,Healthy
UM037R1VII,PXLXS0FD,73.01,Healthy
UOB80872FP,PXLXS0FD,56.48,Cancer_Type_B
ADOTM0EIE1,PXLXS0FD,99.56,Cancer_Type_A
PJ2Q3HJ5KR,PXLXS0FD,20.93,Cancer_Type_B
S2YR0YSB13,PXLXS0FD,39.17,Healthy
9E6AQKE0BQ,PXLXS0FD,20.96,Healthy
BHN1HRQWBL,U4ZP2G56,35.59,Cancer_Type_A
RO907Y9BQY,U4ZP2G56,1.7,Cancer_Type_A
TYTH27KO5M,U4ZP2G56,57.15,Cancer_Type_B
0LIP0B6TUM,U4ZP2G56,80.56,Cancer_Type_B
1RE2OFGVP7,U4ZP2G56,50.71,Cancer_Type_B
HCAKG62FYG,U4ZP2G56,41.0,Healthy
UL7PM3297X,U4ZP2G56,8.68,Cancer_Type_B
QLD7O76TZY,U4ZP2G56,21.38,Cancer_Type_B
PM2XJV62LW,U4ZP2G56,66.97,Cancer_Type_B
OHUU32DP69,U4ZP2G56,70.53,Cancer_Type_B
QX0OIMDST3,U4ZP2G56,92.04,Cancer_Type_A
ZAKDLE5ABH,U4ZP2G56,58.72,Healthy
HDE7IFQ0MU,U4ZP2G56,63.03,Cancer_Type_A
U9U4SRA08T,U4ZP2G56,95.8,Cancer_Type_A
T5SP5FGT9T,U4ZP2G56,97.22,Healthy
0KIZ2Y2OOH,U4ZP2G56,11.08,Cancer_Type_B
SIXYEZ2PQ6,U4ZP2G56,80.39,Cancer_Type_A
CAKUMNLFP8,U4ZP2G56,70.9,Cancer_Type_B
N1VY7Q7WIE,U4ZP2G56,24.97,Cancer_Type_B
5H1BHSXJ83,U4ZP2G56,1.04,Healthy
FXOM4HT1J0,U4ZP2G56,92.5,Cancer_Type_B
8Q1UXUP5F8,U4ZP2G56,91.84,Healthy
HCIQK8DXB9,U4ZP2G56,30.34,Cancer_Type_B
FSZ0AGN2LM,U4ZP2G56,31.09,Cancer_Type_B
MJQTV4AF67,U4ZP2G56,26.23,Cancer_Type_B
2DAGJN2YV6,U4ZP2G56,15.72,Healthy
TLJJKI6XLB,U4ZP2G56,66.3,Healthy
VME7TTSBS5,U4ZP2G56,48.52,Cancer_Type_B
NKSG8UZMRZ,U4ZP2G56,36.14,Cancer_Type_B
YDONMZDPJ8,U4ZP2G56,99.58,Cancer_Type_B
A83P22ZY5W,U4ZP2G56,66.19,Cancer_Type_B
WO5UJTB0ZV,U4ZP2G56,19.21,Cancer_Type_B
4K15PWFKWT,U4ZP2G56,46.29,Cancer_Type_A
4PQ9XXJIPJ,U4ZP2G56,24.21,Cancer_Type_A
LCXY3LMGQ0,U4ZP2G56,34.43,Healthy
U4RKKHLIDI,U4ZP2G56,69.86,Cancer_Type_B
O3I3IYGNEO,U4ZP2G56,62.94,Healthy
0NTOUPY4IB,U4ZP2G56,77.85,Healthy
YTXQ1ZA5HN,U4ZP2G56,84.56,Cancer_Type_B
P3RBX90BOC,U4ZP2G56,12.95,Cancer_Type_A
MF9SBA2J43,U4ZP2G56,34.05,Cancer_Type_A
CP0HGW9YR7,U4ZP2G56,93.83,Healthy
QM6W6NSCRU,U4ZP2G56,49.39,Cancer_Type_B
IY8P1BW203,U4ZP2G56,14.38,Healthy
UM037R1VII,U4ZP2G56,41.22,Healthy
UOB80872FP,U4ZP2G56,4.32,Cancer_Type_B
ADOTM0EIE1,U4ZP2G56,41.95,Cancer_Type_A
PJ2Q3HJ5KR,U4ZP2G56,28.26,Cancer_Type_B
S2YR0YSB13,U4ZP2G56,32.95,Healthy
9E6AQKE0BQ,U4ZP2G56,34.14,Healthy
BHN1HRQWBL,806WQLOA,36.71,Cancer_Type_A
RO907Y9BQY,806WQLOA,90.32,Cancer_Type_A
TYTH27KO5M,806WQLOA,23.42,Cancer_Type_B
0LIP0B6TUM,806WQLOA,31.62,Cancer_Type_B
1RE2OFGVP7,806WQLOA,59.23,Cancer_Type_B
HCAKG62FYG,806WQLOA,50.28,Healthy
UL7PM3297X,806WQLOA,23.99,Cancer_Type_B
QLD7O76TZY,806WQLOA,95.29,Cancer_Type_B
PM2XJV62LW,806WQLOA,97.17,Cancer_Type_B
OHUU32DP69,806WQLOA,47.26,Cancer_Type_B
QX0OIMDST3,806WQLOA,19.07,Cancer_Type_A
ZAKDLE5ABH,806WQLOA,26.28,Healthy
HDE7IFQ0MU,806WQLOA,77.3,Cancer_Type_A
U9U4SRA08T,806WQLOA,65.48,Cancer_Type_A
T5SP5FGT9T,806WQLOA,92.38,Healthy
0KIZ2Y2OOH,806WQLOA,51.64,Cancer_Type_B
SIXYEZ2PQ6,806WQLOA,23.31,Cancer_Type_A
CAKUMNLFP8,806WQLOA,88.7,Cancer_Type_B
N1VY7Q7WIE,806WQLOA,15.67,Cancer_Type_B
5H1BHSXJ83,806WQLOA,2.07,Healthy
FXOM4HT1J0,806WQLOA,48.96,Cancer_Type_B
8Q1UXUP5F8,806WQLOA,10.42,Healthy
HCIQK8DXB9,806WQLOA,39.56,Cancer_Type_B
FSZ0AGN2LM,806WQLOA,32.23,Cancer_Type_B
MJQTV4AF67,806WQLOA,85.26,Cancer_Type_B
2DAGJN2YV6,806WQLOA,37.98,Healthy
TLJJKI6XLB,806WQLOA,92.3,Healthy
VME7TTSBS5,806WQLOA,60.21,Cancer_Type_B
NKSG8UZMRZ,806WQLOA,24.09,Cancer_Type_B
YDONMZDPJ8,806WQLOA,24.89,Cancer_Type_B
A83P22ZY5W,806WQLOA,28.54,Cancer_Type_B
WO5UJTB0ZV,806WQLOA,84.66,Cancer_Type_B
4K15PWFKWT,806WQLOA,42.39,Cancer_Type_A
4PQ9XXJIPJ,806WQLOA,28.46,Cancer_Type_A
LCXY3LMGQ0,806WQLOA,39.88,Healthy
U4RKKHLIDI,806WQLOA,73.08,Cancer_Type_B
O3I3IYGNEO,806WQLOA,19.01,Healthy
0NTOUPY4IB,806WQLOA,64.4,Healthy
YTXQ1ZA5HN,806WQLOA,24.16,Cancer_Type_B
P3RBX90BOC,806WQLOA,68.54,Cancer_Type_A
MF9SBA2J43,806WQLOA,85.74,Cancer_Type_A
CP0HGW9YR7,806WQLOA,79.74,Healthy
QM6W6NSCRU,806WQLOA,60.45,Cancer_Type_B
IY8P1BW203,806WQLOA,57.26,Healthy
UM037R1VII,806WQLOA,78.71,Healthy
UOB80872FP,806WQLOA,18.01,Cancer_Type_B
ADOTM0EIE1,806WQLOA,8.88,Cancer_Type_A
PJ2Q3HJ5KR,806WQLOA,32.51,Cancer_Type_B
S2YR0YSB13,806WQLOA,99.64,Healthy
9E6AQKE0BQ,806WQLOA,45.23,Healthy
BHN1HRQWBL,U1V5P8D3,92.9,Cancer_Type_A
RO907Y9BQY,U1V5P8D3,35.35,Cancer_Type_A
TYTH27KO5M,U1V5P8D3,63.61,Cancer_Type_B
0LIP0B6TUM,U1V5P8D3,49.46,Cancer_Type_B
1RE2OFGVP7,U1V5P8D3,2.49,Cancer_Type_B
HCAKG62FYG,U1V5P8D3,72.14,Healthy
UL7PM3297X,U1V5P8D3,99.71,Cancer_Type_B
QLD7O76TZY,U1V5P8D3,55.08,Cancer_Type_B
PM2XJV62LW,U1V5P8D3,97.34,Cancer_Type_B
OHUU32DP69,U1V5P8D3,18.69,Cancer_Type_B
QX0OIMDST3,U1V5P8D3,16.98,Cancer_Type_A
ZAKDLE5ABH,U1V5P8D3,12.85,Healthy
HDE7IFQ0MU,U1V5P8D3,28.55,Cancer_Type_A
U9U4SRA08T,U1V5P8D3,9.81,Cancer_Type_A
T5SP5FGT9T,U1V5P8D3,18.48,Healthy
0KIZ2Y2OOH,U1V5P8D3,37.12,Cancer_Type_B
SIXYEZ2PQ6,U1V5P8D3,15.93,Cancer_Type_A
CAKUMNLFP8,U1V5P8D3,12.87,Cancer_Type_B
N1VY7Q7WIE,U1V5P8D3,3.72,Cancer_Type_B
5H1BHSXJ83,U1V5P8D3,76.06,Healthy
FXOM4HT1J0,U1V5P8D3,38.93,Cancer_Type_B
8Q1UXUP5F8,U1V5P8D3,47.71,Healthy
HCIQK8DXB9,U1V5P8D3,72.35,Cancer_Type_B
FSZ0AGN2LM,U1V5P8D3,34.56,Cancer_Type_B
MJQTV4AF67,U1V5P8D3,57.01,Cancer_Type_B
2DAGJN2YV6,U1V5P8D3,0.77,Healthy
TLJJKI6XLB,U1V5P8D3,59.84,Healthy
VME7TTSBS5,U1V5P8D3,74.86,Cancer_Type_B
NKSG8UZMRZ,U1V5P8D3,5.01,Cancer_Type_B
YDONMZDPJ8,U1V5P8D3,31.04,Cancer_Type_B
A83P22ZY5W,U1V5P8D3,43.28,Cancer_Type_B
WO5UJTB0ZV,U1V5P8D3,92.08,Cancer_Type_B
4K15PWFKWT,U1V5P8D3,52.89,Cancer_Type_A
4PQ9XXJIPJ,U1V5P8D3,97.61,Cancer_Type_A
LCXY3LMGQ0,U1V5P8D3,62.85,Healthy
U4RKKHLIDI,U1V5P8D3,28.2,Cancer_Type_B
O3I3IYGNEO,U1V5P8D3,55.78,Healthy
0NTOUPY4IB,U1V5P8D3,54.27,Healthy
YTXQ1ZA5HN,U1V5P8D3,87.9,Cancer_Type_B
P3RBX90BOC,U1V5P8D3,18.06,Cancer_Type_A
MF9SBA2J43,U1V5P8D3,10.13,Cancer_Type_A
CP0HGW9YR7,U1V5P8D3,96.2,Healthy
QM6W6NSCRU,U1V5P8D3,53.78,Cancer_Type_B
IY8P1BW203,U1V5P8D3,27.45,Healthy
UM037R1VII,U1V5P8D3,61.47,Healthy
UOB80872FP,U1V5P8D3,21.46,Cancer_Type_B
ADOTM0EIE1,U1V5P8D3,52.07,Cancer_Type_A
PJ2Q3HJ5KR,U1V5P8D3,56.18,Cancer_Type_B
S2YR0YSB13,U1V5P8D3,64.2,Healthy
9E6AQKE0BQ,U1V5P8D3,53.42,Healthy
BHN1HRQWBL,XS6U6XIJ,24.35,Cancer_Type_A
RO907Y9BQY,XS6U6XIJ,92.84,Cancer_Type_A
TYTH27KO5M,XS6U6XIJ,67.99,Cancer_Type_B
0LIP0B6TUM,XS6U6XIJ,36.56,Cancer_Type_B
1RE2OFGVP7,XS6U6XIJ,69.35,Cancer_Type_B
HCAKG62FYG,XS6U6XIJ,13.34,Healthy
UL7PM3297X,XS6U6XIJ,4.69,Cancer_Type_B
QLD7O76TZY,XS6U6XIJ,36.39,Cancer_Type_B
PM2XJV62LW,XS6U6XIJ,88.74,Cancer_Type_B
OHUU32DP69,XS6U6XIJ,55.66,Cancer_Type_B
QX0OIMDST3,XS6U6XIJ,99.96,Cancer_Type_A
ZAKDLE5ABH,XS6U6XIJ,48.28,Healthy
HDE7IFQ0MU,XS6U6XIJ,63.84,Cancer_Type_A
U9U4SRA08T,XS6U6XIJ,89.26,Cancer_Type_A
T5SP5FGT9T,XS6U6XIJ,52.5,Healthy
0KIZ2Y2OOH,XS6U6XIJ,53.64,Cancer_Type_B
SIXYEZ2PQ6,XS6U6XIJ,28.97,Cancer_Type_A
CAKUMNLFP8,XS6U6XIJ,6.03,Cancer_Type_B
N1VY7Q7WIE,XS6U6XIJ,56.65,Cancer_Type_B
5H1BHSXJ83,XS6U6XIJ,88.62,Healthy
FXOM4HT1J0,XS6U6XIJ,2.62,Cancer_Type_B
8Q1UXUP5F8,XS6U6XIJ,24.66,Healthy
HCIQK8DXB9,XS6U6XIJ,48.09,Cancer_Type_B
FSZ0AGN2LM,XS6U6XIJ,48.21,Cancer_Type_B
MJQTV4AF67,XS6U6XIJ,43.28,Cancer_Type_B
2DAGJN2YV6,XS6U6XIJ,24.72,Healthy
TLJJKI6XLB,XS6U6XIJ,71.27,Healthy
VME7TTSBS5,XS6U6XIJ,45.24,Cancer_Type_B
NKSG8UZMRZ,XS6U6XIJ,10.17,Cancer_Type_B
YDONMZDPJ8,XS6U6XIJ,17.82,Cancer_Type_B
A83P22ZY5W,XS6U6XIJ,98.31,Cancer_Type_B
WO5UJTB0ZV,XS6U6XIJ,97.51,Cancer_Type_B
4K15PWFKWT,XS6U6XIJ,52.51,Cancer_Type_A
4PQ9XXJIPJ,XS6U6XIJ,13.72,Cancer_Type_A
LCXY3LMGQ0,XS6U6XIJ,91.27,Healthy
U4RKKHLIDI,XS6U6XIJ,94.09,Cancer_Type_B
O3I3IYGNEO,XS6U6XIJ,59.16,Healthy
0NTOUPY4IB,XS6U6XIJ,81.07,Healthy
YTXQ1ZA5HN,XS6U6XIJ,23.84,Cancer_Type_B
P3RBX90BOC,XS6U6XIJ,78.43,Cancer_Type_A
MF9SBA2J43,XS6U6XIJ,49.21,Cancer_Type_A
CP0HGW9YR7,XS6U6XIJ,79.46,Healthy
QM6W6NSCRU,XS6U6XIJ,56.1,Cancer_Type_B
IY8P1BW203,XS6U6XIJ,64.21,Healthy
UM037R1VII,XS6U6XIJ,34.61,Healthy
UOB80872FP,XS6U6XIJ,52.79,Cancer_Type_B
ADOTM0EIE1,XS6U6XIJ,10.26,Cancer_Type_A
PJ2Q3HJ5KR,XS6U6XIJ,6.55,Cancer_Type_B
S2YR0YSB13,XS6U6XIJ,24.11,Healthy
9E6AQKE0BQ,XS6U6XIJ,83.34,Healthy
BHN1HRQWBL,PEUI7P6Y,21.72,Cancer_Type_A
RO907Y9BQY,PEUI7P6Y,77.93,Cancer_Type_A
TYTH27KO5M,PEUI7P6Y,38.41,Cancer_Type_B
0LIP0B6TUM,PEUI7P6Y,83.7,Cancer_Type_B
1RE2OFGVP7,PEUI7P6Y,42.4,Cancer_Type_B
HCAKG62FYG,PEUI7P6Y,52.8,Healthy
UL7PM3297X,PEUI7P6Y,99.25,Cancer_Type_B
QLD7O76TZY,PEUI7P6Y,29.34,Cancer_Type_B
PM2XJV62LW,PEUI7P6Y,92.72,Cancer_Type_B
OHUU32DP69,PEUI7P6Y,77.53,Cancer_Type_B
QX0OIMDST3,PEUI7P6Y,88.09,Cancer_Type_A
ZAKDLE5ABH,PEUI7P6Y,43.11,Healthy
HDE7IFQ0MU,PEUI7P6Y,29.92,Cancer_Type_A
U9U4SRA08T,PEUI7P6Y,99.39,Cancer_Type_A
T5SP5FGT9T,PEUI7P6Y,22.94,Healthy
0KIZ2Y2OOH,PEUI7P6Y,6.2,Cancer_Type_B
SIXYEZ2PQ6,PEUI7P6Y,21.3,Cancer_Type_A
CAKUMNLFP8,PEUI7P6Y,20.51,Cancer_Type_B
N1VY7Q7WIE,PEUI7P6Y,32.55,Cancer_Type_B
5H1BHSXJ83,PEUI7P6Y,31.64,Healthy
FXOM4HT1J0,PEUI7P6Y,95.57,Cancer_Type_B
8Q1UXUP5F8,PEUI7P6Y,28.79,Healthy
HCIQK8DXB9,PEUI7P6Y,25.61,Cancer_Type_B
FSZ0AGN2LM,PEUI7P6Y,70.83,Cancer_Type_B
MJQTV4AF67,PEUI7P6Y,89.82,Cancer_Type_B
2DAGJN2YV6,PEUI7P6Y,96.05,Healthy
TLJJKI6XLB,PEUI7P6Y,27.72,Healthy
VME7TTSBS5,PEUI7P6Y,39.31,Cancer_Type_B
NKSG8UZMRZ,PEUI7P6Y,24.08,Cancer_Type_B
YDONMZDPJ8,PEUI7P6Y,60.79,Cancer_Type_B
A83P22ZY5W,PEUI7P6Y,71.67,Cancer_Type_B
WO5UJTB0ZV,PEUI7P6Y,26.15,Cancer_Type_B
4K15PWFKWT,PEUI7P6Y,51.38,Cancer_Type_A
4PQ9XXJIPJ,PEUI7P6Y,10.47,Cancer_Type_A
LCXY3LMGQ0,PEUI7P6Y,69.34,Healthy
U4RKKHLIDI,PEUI7P6Y,19.57,Cancer_Type_B
O3I3IYGNEO,PEUI7P6Y,17.24,Healthy
0NTOUPY4IB,PEUI7P6Y,32.61,Healthy
YTXQ1ZA5HN,PEUI7P6Y,96.8,Cancer_Type_B
P3RBX90BOC,PEUI7P6Y,76.28,Cancer_Type_A
MF9SBA2J43,PEUI7P6Y,46.16,Cancer_Type_A
CP0HGW9YR7,PEUI7P6Y,98.2,Healthy
QM6W6NSCRU,PEUI7P6Y,52.8,Cancer_Type_B
IY8P1BW203,PEUI7P6Y,35.49,Healthy
UM037R1VII,PEUI7P6Y,49.2,Healthy
UOB80872FP,PEUI7P6Y,24.6,Cancer_Type_B
ADOTM0EIE1,PEUI7P6Y,40.36,Cancer_Type_A
PJ2Q3HJ5KR,PEUI7P6Y,78.6,Cancer_Type_B
S2YR0YSB13,PEUI7P6Y,43.95,Healthy
9E6AQKE0BQ,PEUI7P6Y,13.81,Healthy
BHN1HRQWBL,HBZ2IJEW,34.86,Cancer_Type_A
RO907Y9BQY,HBZ2IJEW,10.13,Cancer_Type_A
TYTH27KO5M,HBZ2IJEW,95.73,Cancer_Type_B
0LIP0B6TUM,HBZ2IJEW,99.72,Cancer_Type_B
1RE2OFGVP7,HBZ2IJEW,6.17,Cancer_Type_B
HCAKG62FYG,HBZ2IJEW,6.21,Healthy
UL7PM3297X,HBZ2IJEW,38.95,Cancer_Type_B
QLD7O76TZY,HBZ2IJEW,21.02,Cancer_Type_B
PM2XJV62LW,HBZ2IJEW,22.04,Cancer_Type_B
OHUU32DP69,HBZ2IJEW,79.72,Cancer_Type_B
QX0OIMDST3,HBZ2IJEW,48.0,Cancer_Type_A
ZAKDLE5ABH,HBZ2IJEW,70.44,Healthy
HDE7IFQ0MU,HBZ2IJEW,97.58,Cancer_Type_A
U9U4SRA08T,HBZ2IJEW,59.63,Cancer_Type_A
T5SP5FGT9T,HBZ2IJEW,79.18,Healthy
0KIZ2Y2OOH,HBZ2IJEW,62.54,Cancer_Type_B
SIXYEZ2PQ6,HBZ2IJEW,50.67,Cancer_Type_A
CAKUMNLFP8,HBZ2IJEW,96.84,Cancer_Type_B
N1VY7Q7WIE,HBZ2IJEW,31.79,Cancer_Type_B
5H1BHSXJ83,HBZ2IJEW,97.97,Healthy
FXOM4HT1J0,HBZ2IJEW,7.1,Cancer_Type_B
8Q1UXUP5F8,HBZ2IJEW,22.23,Healthy
HCIQK8DXB9,HBZ2IJEW,95.43,Cancer_Type_B
FSZ0AGN2LM,HBZ2IJEW,45.67,Cancer_Type_B
MJQTV4AF67,HBZ2IJEW,32.74,Cancer_Type_B
2DAGJN2YV6,HBZ2IJEW,96.43,Healthy
TLJJKI6XLB,HBZ2IJEW,84.13,Healthy
VME7TTSBS5,HBZ2IJEW,51.37,Cancer_Type_B
NKSG8UZMRZ,HBZ2IJEW,20.97,Cancer_Type_B
YDONMZDPJ8,HBZ2IJEW,59.52,Cancer_Type_B
A83P22ZY5W,HBZ2IJEW,75.95,Cancer_Type_B
WO5UJTB0ZV,HBZ2IJEW,27.01,Cancer_Type_B
4K15PWFKWT,HBZ2IJEW,71.58,Cancer_Type_A
4PQ9XXJIPJ,HBZ2IJEW,39.84,Cancer_Type_A
LCXY3LMGQ0,HBZ2IJEW,44.63,Healthy
U4RKKHLIDI,HBZ2IJEW,41.67,Cancer_Type_B
O3I3IYGNEO,HBZ2IJEW,39.69,Healthy
0NTOUPY4IB,HBZ2IJEW,92.02,Healthy
YTXQ1ZA5HN,HBZ2IJEW,71.09,Cancer_Type_B
P3RBX90BOC,HBZ2IJEW,61.93,Cancer_Type_A
MF9SBA2J43,HBZ2IJEW,17.13,Cancer_Type_A
CP0HGW9YR7,HBZ2IJEW,9.87,Healthy
QM6W6NSCRU,HBZ2IJEW,26.68,Cancer_Type_B
IY8P1BW203,HBZ2IJEW,57.11,Healthy
UM037R1VII,HBZ2IJEW,99.46,Healthy
UOB80872FP,HBZ2IJEW,74.68,Cancer_Type_B
ADOTM0EIE1,HBZ2IJEW,4.98,Cancer_Type_A
PJ2Q3HJ5KR,HBZ2IJEW,55.31,Cancer_Type_B
S2YR0YSB13,HBZ2IJEW,50.48,Healthy
9E6AQKE0BQ,HBZ2IJEW,34.0,Healthy
BHN1HRQWBL,MALOFUEO,40.9,Cancer_Type_A
RO907Y9BQY,MALOFUEO,13.62,Cancer_Type_A
TYTH27KO5M,MALOFUEO,93.77,Cancer_Type_B
0LIP0B6TUM,MALOFUEO,73.27,Cancer_Type_B
1RE2OFGVP7,MALOFUEO,49.65,Cancer_Type_B
HCAKG62FYG,MALOFUEO,87.65,Healthy
UL7PM3297X,MALOFUEO,0.74,Cancer_Type_B
QLD7O76TZY,MALOFUEO,76.21,Cancer_Type_B
PM2XJV62LW,MALOFUEO,64.53,Cancer_Type_B
OHUU32DP69,MALOFUEO,99.12,Cancer_Type_B
QX0OIMDST3,MALOFUEO,24.14,Cancer_Type_A
ZAKDLE5ABH,MALOFUEO,97.43,Healthy
HDE7IFQ0MU,MALOFUEO,60.35,Cancer_Type_A
U9U4SRA08T,MALOFUEO,61.25,Cancer_Type_A
T5SP5FGT9T,MALOFUEO,92.49,Healthy
0KIZ2Y2OOH,MALOFUEO,90.53,Cancer_Type_B
SIXYEZ2PQ6,MALOFUEO,51.38,Cancer_Type_A
CAKUMNLFP8,MALOFUEO,84.6,Cancer_Type_B
N1VY7Q7WIE,MALOFUEO,6.79,Cancer_Type_B
5H1BHSXJ83,MALOFUEO,27.96,Healthy
FXOM4HT1J0,MALOFUEO,45.98,Cancer_Type_B
8Q1UXUP5F8,MALOFUEO,5.94,Healthy
HCIQK8DXB9,MALOFUEO,8.92,Cancer_Type_B
FSZ0AGN2LM,MALOFUEO,67.79,Cancer_Type_B
MJQTV4AF67,MALOFUEO,82.06,Cancer_Type_B
2DAGJN2YV6,MALOFUEO,99.63,Healthy
TLJJKI6XLB,MALOFUEO,3.03,Healthy
VME7TTSBS5,MALOFUEO,51.67,Cancer_Type_B
NKSG8UZMRZ,MALOFUEO,88.46,Cancer_Type_B
YDONMZDPJ8,MALOFUEO,86.43,Cancer_Type_B
A83P22ZY5W,MALOFUEO,17.88,Cancer_Type_B
WO5UJTB0ZV,MALOFUEO,23.1,Cancer_Type_B
4K15PWFKWT,MALOFUEO,95.31,Cancer_Type_A
4PQ9XXJIPJ,MALOFUEO,80.43,Cancer_Type_A
LCXY3LMGQ0,MALOFUEO,42.67,Healthy
U4RKKHLIDI,MALOFUEO,80.17,Cancer_Type_B
O3I3IYGNEO,MALOFUEO,80.61,Healthy
0NTOUPY4IB,MALOFUEO,97.97,Healthy
YTXQ1ZA5HN,MALOFUEO,75.69,Cancer_Type_B
P3RBX90BOC,MALOFUEO,56.08,Cancer_Type_A
MF9SBA2J43,MALOFUEO,79.0,Cancer_Type_A
CP0HGW9YR7,MALOFUEO,77.07,Healthy
QM6W6NSCRU,MALOFUEO,93.66,Cancer_Type_B
IY8P1BW203,MALOFUEO,0.64,Healthy
UM037R1VII,MALOFUEO,39.96,Healthy
UOB80872FP,MALOFUEO,73.69,Cancer_Type_B
ADOTM0EIE1,MALOFUEO,15.77,Cancer_Type_A
PJ2Q3HJ5KR,MALOFUEO,34.29,Cancer_Type_B
S2YR0YSB13,MALOFUEO,38.01,Healthy
9E6AQKE0BQ,MALOFUEO,0.55,Healthy
BHN1HRQWBL,7PBF6PIT,98.8,Cancer_Type_A
RO907Y9BQY,7PBF6PIT,58.31,Cancer_Type_A
TYTH27KO5M,7PBF6PIT,0.59,Cancer_Type_B
0LIP0B6TUM,7PBF6PIT,23.37,Cancer_Type_B
1RE2OFGVP7,7PBF6PIT,97.0,Cancer_Type_B
HCAKG62FYG,7PBF6PIT,5.52,Healthy
UL7PM3297X,7PBF6PIT,69.21,Cancer_Type_B
QLD7O76TZY,7PBF6PIT,23.81,Cancer_Type_B
PM2XJV62LW,7PBF6PIT,71.87,Cancer_Type_B
OHUU32DP69,7PBF6PIT,3.57,Cancer_Type_B
QX0OIMDST3,7PBF6PIT,46.1,Cancer_Type_A
ZAKDLE5ABH,7PBF6PIT,37.75,Healthy
HDE7IFQ0MU,7PBF6PIT,88.03,Cancer_Type_A
U9U4SRA08T,7PBF6PIT,63.24,Cancer_Type_A
T5SP5FGT9T,7PBF6PIT,42.61,Healthy
0KIZ2Y2OOH,7PBF6PIT,49.62,Cancer_Type_B
SIXYEZ2PQ6,7PBF6PIT,73.17,Cancer_Type_A
CAKUMNLFP8,7PBF6PIT,52.22,Cancer_Type_B
N1VY7Q7WIE,7PBF6PIT,9.45,Cancer_Type_B
5H1BHSXJ83,7PBF6PIT,15.02,Healthy
FXOM4HT1J0,7PBF6PIT,73.06,Cancer_Type_B
8Q1UXUP5F8,7PBF6PIT,18.29,Healthy
HCIQK8DXB9,7PBF6PIT,28.07,Cancer_Type_B
FSZ0AGN2LM,7PBF6PIT,24.0,Cancer_Type_B
MJQTV4AF67,7PBF6PIT,8.05,Cancer_Type_B
2DAGJN2YV6,7PBF6PIT,8.46,Healthy
TLJJKI6XLB,7PBF6PIT,94.7,Healthy
VME7TTSBS5,7PBF6PIT,21.86,Cancer_Type_B
NKSG8UZMRZ,7PBF6PIT,38.48,Cancer_Type_B
YDONMZDPJ8,7PBF6PIT,51.39,Cancer_Type_B
A83P22ZY5W,7PBF6PIT,54.33,Cancer_Type_B
WO5UJTB0ZV,7PBF6PIT,80.87,Cancer_Type_B
4K15PWFKWT,7PBF6PIT,34.39,Cancer_Type_A
4PQ9XXJIPJ,7PBF6PIT,22.46,Cancer_Type_A
LCXY3LMGQ0,7PBF6PIT,13.41,Healthy
U4RKKHLIDI,7PBF6PIT,84.66,Cancer_Type_B
O3I3IYGNEO,7PBF6PIT,23.22,Healthy
0NTOUPY4IB,7PBF6PIT,40.43,Healthy
YTXQ1ZA5HN,7PBF6PIT,12.72,Cancer_Type_B
P3RBX90BOC,7PBF6PIT,45.46,Cancer_Type_A
MF9SBA2J43,7PBF6PIT,76.79,Cancer_Type_A
CP0HGW9YR7,7PBF6PIT,50.09,Healthy
QM6W6NSCRU,7PBF6PIT,4.59,Cancer_Type_B
IY8P1BW203,7PBF6PIT,77.65,Healthy
UM037R1VII,7PBF6PIT,24.3,Healthy
UOB80872FP,7PBF6PIT,22.89,Cancer_Type_B
ADOTM0EIE1,7PBF6PIT,45.66,Cancer_Type_A
PJ2Q3HJ5KR,7PBF6PIT,93.81,Cancer_Type_B
S2YR0YSB13,7PBF6PIT,3.4,Healthy
9E6AQKE0BQ,7PBF6PIT,11.81,Healthy
BHN1HRQWBL,X46VY002,21.3,Cancer_Type_A
RO907Y9BQY,X46VY002,66.95,Cancer_Type_A
TYTH27KO5M,X46VY002,17.54,Cancer_Type_B
0LIP0B6TUM,X46VY002,63.14,Cancer_Type_B
1RE2OFGVP7,X46VY002,82.08,Cancer_Type_B
HCAKG62FYG,X46VY002,43.36,Healthy
UL7PM3297X,X46VY002,22.29,Cancer_Type_B
QLD7O76TZY,X46VY002,44.96,Cancer_Type_B
PM2XJV62LW,X46VY002,31.06,Cancer_Type_B
OHUU32DP69,X46VY002,8.47,Cancer_Type_B
QX0OIMDST3,X46VY002,87.53,Cancer_Type_A
ZAKDLE5ABH,X46VY002,20.46,Healthy
HDE7IFQ0MU,X46VY002,42.79,Cancer_Type_A
U9U4SRA08T,X46VY002,92.09,Cancer_Type_A
T5SP5FGT9T,X46VY002,29.16,Healthy
0KIZ2Y2OOH,X46VY002,5.62,Cancer_Type_B
SIXYEZ2PQ6,X46VY002,22.6,Cancer_Type_A
CAKUMNLFP8,X46VY002,46.39,Cancer_Type_B
N1VY7Q7WIE,X46VY002,64.78,Cancer_Type_B
5H1BHSXJ83,X46VY002,49.82,Healthy
FXOM4HT1J0,X46VY002,44.89,Cancer_Type_B
8Q1UXUP5F8,X46VY002,14.71,Healthy
HCIQK8DXB9,X46VY002,34.02,Cancer_Type_B
FSZ0AGN2LM,X46VY002,39.42,Cancer_Type_B
MJQTV4AF67,X46VY002,93.61,Cancer_Type_B
2DAGJN2YV6,X46VY002,6.7,Healthy
TLJJKI6XLB,X46VY002,93.38,Healthy
VME7TTSBS5,X46VY002,70.24,Cancer_Type_B
NKSG8UZMRZ,X46VY002,28.44,Cancer_Type_B
YDONMZDPJ8,X46VY002,9.2,Cancer_Type_B
A83P22ZY5W,X46VY002,20.07,Cancer_Type_B
WO5UJTB0ZV,X46VY002,79.97,Cancer_Type_B
4K15PWFKWT,X46VY002,36.87,Cancer_Type_A
4PQ9XXJIPJ,X46VY002,13.72,Cancer_Type_A
LCXY3LMGQ0,X46VY002,56.58,Healthy
U4RKKHLIDI,X46VY002,56.69,Cancer_Type_B
O3I3IYGNEO,X46VY002,75.92,Healthy
0NTOUPY4IB,X46VY002,77.63,Healthy
YTXQ1ZA5HN,X46VY002,47.83,Cancer_Type_B
P3RBX90BOC,X46VY002,66.68,Cancer_Type_A
MF9SBA2J43,X46VY002,44.58,Cancer_Type_A
CP0HGW9YR7,X46VY002,44.68,Healthy
QM6W6NSCRU,X46VY002,65.7,Cancer_Type_B
IY8P1BW203,X46VY002,1.34,Healthy
UM037R1VII,X46VY002,2.71,Healthy
UOB80872FP,X46VY002,7.99,Cancer_Type_B
ADOTM0EIE1,X46VY002,93.81,Cancer_Type_A
PJ2Q3HJ5KR,X46VY002,22.65,Cancer_Type_B
S2YR0YSB13,X46VY002,96.05,Healthy
9E6AQKE0BQ,X46VY002,13.27,Healthy
BHN1HRQWBL,ZYRC3BPS,69.84,Cancer_Type_A
RO907Y9BQY,ZYRC3BPS,84.41,Cancer_Type_A
TYTH27KO5M,ZYRC3BPS,62.31,Cancer_Type_B
0LIP0B6TUM,ZYRC3BPS,83.21,Cancer_Type_B
1RE2OFGVP7,ZYRC3BPS,33.65,Cancer_Type_B
HCAKG62FYG,ZYRC3BPS,83.7,Healthy
UL7PM3297X,ZYRC3BPS,72.13,Cancer_Type_B
QLD7O76TZY,ZYRC3BPS,82.72,Cancer_Type_B
PM2XJV62LW,ZYRC3BPS,16.75,Cancer_Type_B
OHUU32DP69,ZYRC3BPS,21.87,Cancer_Type_B
QX0OIMDST3,ZYRC3BPS,65.78,Cancer_Type_A
ZAKDLE5ABH,ZYRC3BPS,83.51,Healthy
HDE7IFQ0MU,ZYRC3BPS,27.07,Cancer_Type_A
U9U4SRA08T,ZYRC3BPS,9.31,Cancer_Type_A
T5SP5FGT9T,ZYRC3BPS,25.59,Healthy
0KIZ2Y2OOH,ZYRC3BPS,13.68,Cancer_Type_B
SIXYEZ2PQ6,ZYRC3BPS,13.86,Cancer_Type_A
CAKUMNLFP8,ZYRC3BPS,57.17,Cancer_Type_B
N1VY7Q7WIE,ZYRC3BPS,90.85,Cancer_Type_B
5H1BHSXJ83,ZYRC3BPS,66.15,Healthy
FXOM4HT1J0,ZYRC3BPS,89.02,Cancer_Type_B
8Q1UXUP5F8,ZYRC3BPS,70.62,Healthy
HCIQK8DXB9,ZYRC3BPS,48.67,Cancer_Type_B
FSZ0AGN2LM,ZYRC3BPS,29.36,Cancer_Type_B
MJQTV4AF67,ZYRC3BPS,82.81,Cancer_Type_B
2DAGJN2YV6,ZYRC3BPS,65.51,Healthy
TLJJKI6XLB,ZYRC3BPS,15.27,Healthy
VME7TTSBS5,ZYRC3BPS,37.4,Cancer_Type_B
NKSG8UZMRZ,ZYRC3BPS,56.36,Cancer_Type_B
YDONMZDPJ8,ZYRC3BPS,26.48,Cancer_Type_B
A83P22ZY5W,ZYRC3BPS,8.94,Cancer_Type_B
WO5UJTB0ZV,ZYRC3BPS,85.83,Cancer_Type_B
4K15PWFKWT,ZYRC3BPS,54.71,Cancer_Type_A
4PQ9XXJIPJ,ZYRC3BPS,11.82,Cancer_Type_A
LCXY3LMGQ0,ZYRC3BPS,72.76,Healthy
U4RKKHLIDI,ZYRC3BPS,72.34,Cancer_Type_B
O3I3IYGNEO,ZYRC3BPS,47.03,Healthy
0NTOUPY4IB,ZYRC3BPS,96.27,Healthy
YTXQ1ZA5HN,ZYRC3BPS,42.15,Cancer_Type_B
P3RBX90BOC,ZYRC3BPS,26.76,Cancer_Type_A
MF9SBA2J43,ZYRC3BPS,15.07,Cancer_Type_A
CP0HGW9YR7,ZYRC3BPS,93.0,Healthy
QM6W6NSCRU,ZYRC3BPS,1.69,Cancer_Type_B
IY8P1BW203,ZYRC3BPS,19.66,Healthy
UM037R1VII,ZYRC3BPS,57.63,Healthy
UOB80872FP,ZYRC3BPS,72.29,Cancer_Type_B
ADOTM0EIE1,ZYRC3BPS,94.25,Cancer_Type_A
PJ2Q3HJ5KR,ZYRC3BPS,6.93,Cancer_Type_B
S2YR0YSB13,ZYRC3BPS,47.2,Healthy
9E6AQKE0BQ,ZYRC3BPS,96.67,Healthy
BHN1HRQWBL,BJM6E97P,46.93,Cancer_Type_A
RO907Y9BQY,BJM6E97P,25.15,Cancer_Type_A
TYTH27KO5M,BJM6E97P,51.56,Cancer_Type_B
0LIP0B6TUM,BJM6E97P,68.16,Cancer_Type_B
1RE2OFGVP7,BJM6E97P,17.5,Cancer_Type_B
HCAKG62FYG,BJM6E97P,32.86,Healthy
UL7PM3297X,BJM6E97P,91.72,Cancer_Type_B
QLD7O76TZY,BJM6E97P,16.04,Cancer_Type_B
PM2XJV62LW,BJM6E97P,12.82,Cancer_Type_B
OHUU32DP69,BJM6E97P,50.11,Cancer_Type_B
QX0OIMDST3,BJM6E97P,0.46,Cancer_Type_A
ZAKDLE5ABH,BJM6E97P,25.1,Healthy
HDE7IFQ0MU,BJM6E97P,74.21,Cancer_Type_A
U9U4SRA08T,BJM6E97P,8.4,Cancer_Type_A
T5SP5FGT9T,BJM6E97P,2.97,Healthy
0KIZ2Y2OOH,BJM6E97P,79.51,Cancer_Type_B
SIXYEZ2PQ6,BJM6E97P,34.55,Cancer_Type_A
CAKUMNLFP8,BJM6E97P,50.3,Cancer_Type_B
N1VY7Q7WIE,BJM6E97P,77.58,Cancer_Type_B
5H1BHSXJ83,BJM6E97P,43.01,Healthy
FXOM4HT1J0,BJM6E97P,62.06,Cancer_Type_B
8Q1UXUP5F8,BJM6E97P,47.91,Healthy
HCIQK8DXB9,BJM6E97P,64.46,Cancer_Type_B
FSZ0AGN2LM,BJM6E97P,80.68,Cancer_Type_B
MJQTV4AF67,BJM6E97P,33.7,Cancer_Type_B
2DAGJN2YV6,BJM6E97P,47.67,Healthy
TLJJKI6XLB,BJM6E97P,0.09,Healthy
VME7TTSBS5,BJM6E97P,87.04,Cancer_Type_B
NKSG8UZMRZ,BJM6E97P,83.78,Cancer_Type_B
YDONMZDPJ8,BJM6E97P,58.95,Cancer_Type_B
A83P22ZY5W,BJM6E97P,81.39,Cancer_Type_B
WO5UJTB0ZV,BJM6E97P,95.41,Cancer_Type_B
4K15PWFKWT,BJM6E97P,71.35,Cancer_Type_A
4PQ9XXJIPJ,BJM6E97P,34.4,Cancer_Type_A
LCXY3LMGQ0,BJM6E97P,93.86,Healthy
U4RKKHLIDI,BJM6E97P,5.52,Cancer_Type_B
O3I3IYGNEO,BJM6E97P,31.48,Healthy
0NTOUPY4IB,BJM6E97P,61.02,Healthy
YTXQ1ZA5HN,BJM6E97P,77.45,Cancer_Type_B
P3RBX90BOC,BJM6E97P,17.15,Cancer_Type_A
MF9SBA2J43,BJM6E97P,47.34,Cancer_Type_A
CP0HGW9YR7,BJM6E97P,7.57,Healthy
QM6W6NSCRU,BJM6E97P,67.2,Cancer_Type_B
IY8P1BW203,BJM6E97P,7.92,Healthy
UM037R1VII,BJM6E97P,37.19,Healthy
UOB80872FP,BJM6E97P,37.71,Cancer_Type_B
ADOTM0EIE1,BJM6E97P,31.86,Cancer_Type_A
PJ2Q3HJ5KR,BJM6E97P,34.44,Cancer_Type_B
S2YR0YSB13,BJM6E97P,24.49,Healthy
9E6AQKE0BQ,BJM6E97P,5.07,Healthy
BHN1HRQWBL,NQGRXZXP,80.41,Cancer_Type_A
RO907Y9BQY,NQGRXZXP,55.74,Cancer_Type_A
TYTH27KO5M,NQGRXZXP,2.59,Cancer_Type_B
0LIP0B6TUM,NQGRXZXP,93.46,Cancer_Type_B
1RE2OFGVP7,NQGRXZXP,8.21,Cancer_Type_B
HCAKG62FYG,NQGRXZXP,19.17,Healthy
UL7PM3297X,NQGRXZXP,71.12,Cancer_Type_B
QLD7O76TZY,NQGRXZXP,29.42,Cancer_Type_B
PM2XJV62LW,NQGRXZXP,11.61,Cancer_Type_B
OHUU32DP69,NQGRXZXP,90.5,Cancer_Type_B
QX0OIMDST3,NQGRXZXP,79.68,Cancer_Type_A
ZAKDLE5ABH,NQGRXZXP,41.53,Healthy
HDE7IFQ0MU,NQGRXZXP,50.56,Cancer_Type_A
U9U4SRA08T,NQGRXZXP,84.53,Cancer_Type_A
T5SP5FGT9T,NQGRXZXP,61.66,Healthy
0KIZ2Y2OOH,NQGRXZXP,69.8,Cancer_Type_B
SIXYEZ2PQ6,NQGRXZXP,7.94,Cancer_Type_A
CAKUMNLFP8,NQGRXZXP,26.03,Cancer_Type_B
N1VY7Q7WIE,NQGRXZXP,14.79,Cancer_Type_B
5H1BHSXJ83,NQGRXZXP,96.3,Healthy
FXOM4HT1J0,NQGRXZXP,64.34,Cancer_Type_B
8Q1UXUP5F8,NQGRXZXP,33.39,Healthy
HCIQK8DXB9,NQGRXZXP,97.49,Cancer_Type_B
FSZ0AGN2LM,NQGRXZXP,59.95,Cancer_Type_B
MJQTV4AF67,NQGRXZXP,59.21,Cancer_Type_B
2DAGJN2YV6,NQGRXZXP,35.52,Healthy
TLJJKI6XLB,NQGRXZXP,94.88,Healthy
VME7TTSBS5,NQGRXZXP,31.77,Cancer_Type_B
NKSG8UZMRZ,NQGRXZXP,45.87,Cancer_Type_B
YDONMZDPJ8,NQGRXZXP,99.15,Cancer_Type_B
A83P22ZY5W,NQGRXZXP,9.38,Cancer_Type_B
WO5UJTB0ZV,NQGRXZXP,73.61,Cancer_Type_B
4K15PWFKWT,NQGRXZXP,50.15,Cancer_Type_A
4PQ9XXJIPJ,NQGRXZXP,54.34,Cancer_Type_A
LCXY3LMGQ0,NQGRXZXP,61.63,Healthy
U4RKKHLIDI,NQGRXZXP,2.73,Cancer_Type_B
O3I3IYGNEO,NQGRXZXP,28.06,Healthy
0NTOUPY4IB,NQGRXZXP,7.26,Healthy
YTXQ1ZA5HN,NQGRXZXP,86.26,Cancer_Type_B
P3RBX90BOC,NQGRXZXP,8.4,Cancer_Type_A
MF9SBA2J43,NQGRXZXP,13.19,Cancer_Type_A
CP0HGW9YR7,NQGRXZXP,67.74,Healthy
QM6W6NSCRU,NQGRXZXP,58.3,Cancer_Type_B
IY8P1BW203,NQGRXZXP,15.06,Healthy
UM037R1VII,NQGRXZXP,14.72,Healthy
UOB80872FP,NQGRXZXP,19.51,Cancer_Type_B
ADOTM0EIE1,NQGRXZXP,58.86,Cancer_Type_A
PJ2Q3HJ5KR,NQGRXZXP,71.9,Cancer_Type_B
S2YR0YSB13,NQGRXZXP,68.05,Healthy
9E6AQKE0BQ,NQGRXZXP,80.07,Healthy
