Gene ID,Gene Name,Chromosome,Start Position,End Position
MEPQFQ9Z,Gene_IWVWK,chr1,761616,1578683
A0EACQ85,Gene_5PEJS,chr17,339598,1081528
HZA08PZ7,Gene_VK419,chr6,60362,1214780
3IBMS02U,Gene_7ZR22,chr9,276649,1577759
WGTF1420,Gene_N7T1C,chr17,45172,1739962
LDIXA9A1,Gene_FLD5Q,chr21,107393,1804073
KFJINQJD,Gene_TG8GA,chr18,114362,1640072
6DNSMXW3,Gene_HB44I,chr3,987201,1766258
W87KYXHJ,Gene_HGS9L,chr2,638431,1825488
RHX895ME,Gene_FSL7F,chr15,846021,1214907
7HDTUYVC,Gene_GIM2H,chr22,426082,1966429
XL0IA1UP,Gene_J2OUD,chr21,720628,1819784
07QOEKSP,Gene_9IIG9,chr4,154922,1745392
3DKHELOT,Gene_77102,chr2,573675,1581147
DEBDM6JA,Gene_HF4IE,chr22,623271,1799512
58T8LW2M,Gene_RVM79,chr10,979691,1388879
58EYIPOT,Gene_6YAK7,chr21,586366,1896370
WDO97OER,Gene_JOAFJ,chr3,306615,1681980
3DULVI5W,Gene_85IQ0,chr7,933858,1970004
5V2DV36H,Gene_0KTQS,chr19,961102,1063114
1GA60GMN,Gene_7K3RW,chr4,191798,1360721
0KPO8PQJ,Gene_FOSJV,chr15,845545,1725353
HQBP7BSY,Gene_73LNC,chr2,326909,1802417
5JM3LG4U,Gene_0BEX0,chr1,406752,1182347
PS18ZTYZ,Gene_GMFE5,chr9,509501,1622763
8LU73U25,Gene_ROJ7Z,chr17,227979,1756356
IC3VXSIX,Gene_BV8CY,chr16,713472,1594343
V7H9N3SK,Gene_8LLH7,chr9,437192,1103025
0WM58WA4,Gene_LD315,chr22,426729,1707587
Q62ZKGZ2,Gene_10WCP,chr16,623082,1131842
CH03TRNA,Gene_LJW8I,chr13,260653,1781530
MHC8MCE9,Gene_J4QL3,chr14,399676,1915267
3GYTI1EW,Gene_BG75P,chr14,75720,1332441
0VU1XJXD,Gene_W3BUJ,chr4,183194,1146572
YE8NOEL2,Gene_383GI,chr12,74000,1989648
BZBCLDS1,Gene_L9J7I,chr4,24736,1237885
ZVLAR3EB,Gene_XO51V,chr3,935554,1911459
PXLXS0FD,Gene_99UWB,chr9,446034,1342864
U4ZP2G56,Gene_3PUP4,chr19,149341,1464649
806WQLOA,Gene_U72NU,chr10,143115,1493480
U1V5P8D3,Gene_6EUTP,chr8,187762,1980082
XS6U6XIJ,Gene_H5CAK,chr6,691027,1747065
PEUI7P6Y,Gene_MV98S,chr7,545310,1513987
HBZ2IJEW,Gene_2R2RZ,chr4,745169,1432346
MALOFUEO,Gene_NB3CB,chr19,439976,1498174
7PBF6PIT,Gene_4KENP,chr10,332957,1102505
X46VY002,Gene_51A4C,chr11,481261,1045284
ZYRC3BPS,Gene_CC0C0,chr14,297313,1796796
BJM6E97P,Gene_J3XS5,chr8,937150,1668136
NQGRXZXP,Gene_NZO7X,chr4,767389,1711717
