Sample ID,Patient ID,Collection Date,Condition,Tissue Type
BHN1HRQWBL,9UFVLTBI,2021-04-05,Cancer_Type_A,Blood
RO907Y9BQY,C9Z9VD5G,2021-07-16,Cancer_Type_A,Tissue
TYTH27KO5M,RZLYC6NZ,2022-06-29,Cancer_Type_B,Tissue
0LIP0B6TUM,29ULN150,2022-04-10,Cancer_Type_B,Blood
1RE2OFGVP7,Y1WFWH29,2021-09-29,Cancer_Type_B,Tissue
HCAKG62FYG,TYW9U9CF,2021-02-05,Healthy,Blood
UL7PM3297X,RX15VZPK,2021-11-18,Cancer_Type_B,Tissue
QLD7O76TZY,6RR9S4Z7,2022-10-09,Cancer_Type_B,Blood
PM2XJV62LW,VUSLWHZ3,2022-04-06,Cancer_Type_B,Tissue
OHUU32DP69,UDZYKJK7,2022-11-14,Cancer_Type_B,Tissue
QX0OIMDST3,Z2D0NIYG,2021-11-15,Cancer_Type_A,Blood
ZAKDLE5ABH,BY2AUP19,2021-07-01,Healthy,Blood
HDE7IFQ0MU,MWEXHPOD,2022-07-15,Cancer_Type_A,Saliva
U9U4SRA08T,QMRT2R7F,2022-03-06,Cancer_Type_A,Tissue
T5SP5FGT9T,OA5D04YG,2021-12-04,Healthy,Tissue
0KIZ2Y2OOH,M8ZSBIO0,2022-08-26,Cancer_Type_B,Saliva
SIXYEZ2PQ6,72LQ7AAA,2021-01-16,Cancer_Type_A,Blood
CAKUMNLFP8,4F7Q4VEU,2022-03-01,Cancer_Type_B,Saliva
N1VY7Q7WIE,5CGDXG4J,2022-11-09,Cancer_Type_B,Blood
5H1BHSXJ83,ZEN5QD6G,2021-09-06,Healthy,Blood
FXOM4HT1J0,MENJYZBK,2020-07-30,Cancer_Type_B,Blood
8Q1UXUP5F8,GIWQPHA9,2020-07-24,Healthy,Saliva
HCIQK8DXB9,5W6WCMYJ,2020-01-14,Cancer_Type_B,Saliva
FSZ0AGN2LM,E1MQU9Z2,2020-07-17,Cancer_Type_B,Tissue
MJQTV4AF67,F6X2OM4Q,2022-12-15,Cancer_Type_B,Saliva
2DAGJN2YV6,ORSE6ROH,2022-03-12,Healthy,Saliva
TLJJKI6XLB,X4M9CG7K,2020-11-15,Healthy,Tissue
VME7TTSBS5,UD017H2H,2020-03-23,Cancer_Type_B,Saliva
NKSG8UZMRZ,Z2002HMJ,2020-01-11,Cancer_Type_B,Blood
YDONMZDPJ8,UUOJ49EL,2022-07-06,Cancer_Type_B,Saliva
A83P22ZY5W,IDKRILS6,2022-03-10,Cancer_Type_B,Saliva
WO5UJTB0ZV,F9XFJJFS,2021-03-27,Cancer_Type_B,Blood
4K15PWFKWT,Z4RGRSXG,2020-05-18,Cancer_Type_A,Tissue
4PQ9XXJIPJ,JEHZOZID,2021-08-07,Cancer_Type_A,Blood
LCXY3LMGQ0,4E0MEXZ2,2022-01-27,Healthy,Blood
U4RKKHLIDI,UQEH7F6W,2021-02-28,Cancer_Type_B,Saliva
O3I3IYGNEO,XSWWVV4I,2020-05-06,Healthy,Tissue
0NTOUPY4IB,L0GVFOGI,2021-10-29,Healthy,Tissue
YTXQ1ZA5HN,8DJV1SMF,2020-11-06,Cancer_Type_B,Tissue
P3RBX90BOC,5PLWGRN4,2020-12-07,Cancer_Type_A,Tissue
MF9SBA2J43,O1HFPCVE,2020-05-19,Cancer_Type_A,Blood
CP0HGW9YR7,RTAUGSCZ,2021-08-09,Healthy,Saliva
QM6W6NSCRU,G6J12DTD,2020-09-14,Cancer_Type_B,Saliva
IY8P1BW203,R5B4YW5B,2021-04-13,Healthy,Blood
UM037R1VII,837JR0WF,2022-06-04,Healthy,Blood
UOB80872FP,HPJ77H16,2020-04-29,Cancer_Type_B,Tissue
ADOTM0EIE1,KIWLMFGY,2020-06-02,Cancer_Type_A,Tissue
PJ2Q3HJ5KR,6G5PU3EH,2022-02-26,Cancer_Type_B,Saliva
S2YR0YSB13,FC39PW0Z,2021-02-11,Healthy,Tissue
9E6AQKE0BQ,4E86LU51,2020-04-10,Healthy,Blood
